t,y,vy,x,trial,massa,v,a,x_h
0.15,-0.0769999999999999,-0.674,-0.002,vazia4,3,-0.5950027321134607,-0.1666357253574091,-0.0024995475113122
0.1659999999999999,-0.0910000000000001,-0.577,-0.002,vazia4,3,-0.5850257649565649,-0.2941288306644356,-0.0025954751131221
0.183,-0.0970000000000004,-0.512,-0.003,vazia4,3,-0.5817199428791171,-0.7414730598120158,-0.0028470588235294
0.2,-0.1080000000000005,-0.707,-0.003,vazia4,3,-0.6008339987578799,-1.1502338491956223,-0.0028452488687782
0.216,-0.1200000000000001,-0.707,-0.003,vazia4,3,-0.6208238448722921,-1.5025174296493322,-0.0027402714932126
0.2329999999999999,-0.1310000000000002,-0.602,-0.003,vazia4,3,-0.6475603564703921,-1.8704580581232408,-0.0025592760180995
0.249,-0.1400000000000005,-0.577,-0.002,vazia4,3,-0.6810435335521848,-2.222741638576987,-0.0022090497737556
0.2659999999999999,-0.1510000000000007,-0.756,-0.002,vazia4,3,-0.7266675398163271,-2.6057801347846024,-0.0016054298642534
0.283,-0.165,-0.923,-0.001,vazia4,3,-0.792632060365624,-2.921716996620097,-0.0008733031674208
0.299,-0.181,-0.849,0.0,vazia4,3,-0.8418826303774398,-2.9004681457356094,6.244343891402779e-05
0.316,-0.1939999999999999,-0.849,0.001,vazia4,3,-0.8971225493716849,-3.2063397624152925,0.0007882352941176
0.3329999999999999,-0.2099999999999999,-0.99,0.002,vazia4,3,-0.9664863683029792,-3.218082548430397,0.0017610859728506
0.349,-0.2270000000000003,-1.058,0.003,vazia4,3,-1.0331105041312714,-2.849023559383591,0.0028226244343891
0.366,-0.2450000000000001,-1.132,0.004,vazia4,3,-1.0718443737474963,-2.5409152215581514,0.0038235294117647
0.383,-0.2640000000000002,-1.123,0.004,vazia4,3,-1.1131357268900626,-2.2713903234966573,0.0047619909502262
0.3989999999999999,-0.282,-1.132,0.005,vazia4,3,-1.1637437277575773,-1.879964122992412,0.0054452488687783
0.416,-0.3020000000000005,-1.303,0.005,vazia4,3,-1.1921480256255423,-1.6367206983933524,0.0060398190045249
0.433,-0.3260000000000005,-1.302,0.008,vazia4,3,-1.2108594820532597,-1.1351359814615505,0.0064009049773756
0.449,-0.3450000000000006,-1.129,0.007,vazia4,3,-1.226171640098981,-0.7397955189523167,0.0064199095022624
0.4659999999999999,-0.3630000000000004,-1.245,0.006,vazia4,3,-1.2354521999850754,-0.3310347295686604,0.0059538461538461
0.483,-0.3870000000000004,-1.342,0.005,vazia4,3,-1.2387337287856317,0.0989749106994839,0.005166515837104
0.499,-0.4080000000000003,-1.189,0.004,vazia4,3,-1.2209271089028868,0.2493944077503762,0.0039900452488687
0.516,-0.4260000000000001,-1.261,0.003,vazia4,3,-1.2039443479754877,0.4115566908163899,0.0024751131221719
0.533,-0.4500000000000002,-1.273,0.0,vazia4,3,-1.188911386575749,0.293010470092284,0.0002470588235294
0.5489999999999999,-0.4690000000000003,-1.16,-0.003,vazia4,3,-1.1871791703106616,0.1207829418704946,-0.0025466063348416
0.566,-0.4889999999999999,-1.16,-0.006,vazia4,3,-1.1805509785613644,0.2739983403535788,-0.0055746606334841
0.583,-0.508,-1.132,-0.008,vazia4,3,-1.175743022196312,0.3651447270424519,-0.0089285067873303
0.599,-0.5260000000000007,-1.245,-0.0119999999999999,vazia4,3,-1.180477570615983,0.1593663816346122,-0.0127194570135746
0.616,-0.5490000000000004,-1.245,-0.0159999999999999,vazia4,3,-1.18242807429659,0.2236721145746081,-0.0169547511312217
0.633,-0.5680000000000005,-1.245,-0.0229999999999999,vazia4,3,-1.1802413273001495,0.3835976764948796,-0.0214054298642534
0.649,-0.5899999999999999,-1.273,-0.0259999999999999,vazia4,3,-1.1846405228758177,0.34836931844956,-0.0258742081447964
0.666,-0.6100000000000003,-1.126,-0.031,vazia4,3,-1.169857007659776,0.5088540606563008,-0.0305339366515838
0.6829999999999999,-0.6280000000000001,-1.104,-0.0349999999999999,vazia4,3,-1.1515861749425758,0.5871393007571655,-0.0353891402714933
0.699,-0.6470000000000002,-1.195,-0.0409999999999999,vazia4,3,-1.131149367741065,0.686673391742513,-0.0405583710407241
0.716,-0.6680000000000001,-1.18,-0.046,vazia4,3,-1.1042783629288857,0.5110907818020678,-0.0456651583710409
0.733,-0.6859999999999999,-1.096,-0.05,vazia4,3,-1.1083636823256195,0.3383040732938163,-0.0508624434389143
0.749,-0.7040000000000006,-1.112,-0.0549999999999999,vazia4,3,-1.107715157455642,0.3260021069923233,-0.0559529411764709
0.766,-0.7229999999999999,-1.123,-0.061,vazia4,3,-1.1166742715185605,0.2930104700927138,-0.0614253393665161
0.782,-0.742,-1.132,-0.0669999999999999,vazia4,3,-1.1144334807829588,0.3696181693342453,-0.0668325791855207
0.7989999999999999,-0.7610000000000001,-1.119,-0.073,vazia4,3,-1.1034518633999584,0.4708298011789402,-0.0719457013574665
0.816,-0.7789999999999999,-1.187,-0.077,vazia4,3,-1.093835246516908,0.4680338997467679,-0.0768832579185525
0.833,-0.8010000000000002,-1.133,-0.0819999999999999,vazia4,3,-1.0860707279392394,0.4104383302440268,-0.0817140271493217
0.849,-0.8170000000000002,-1.02,-0.086,vazia4,3,-1.0694891581569783,0.4518176714402138,-0.0861221719457018
0.866,-0.835,-1.047,-0.091,vazia4,3,-1.054619032127687,0.426095378264268,-0.0902217194570141
0.882,-0.8520000000000003,-1.047,-0.094,vazia4,3,-1.0528119996113054,0.4725073420383765,-0.0939475113122177
0.899,-0.8700000000000001,-1.104,-0.096,vazia4,3,-1.0423285704427574,0.3338306310026624,-0.0973384615384621
0.916,-0.8879999999999999,-1.104,-0.101,vazia4,3,-1.0420590558998912,0.2823860446507105,-0.1003375565610866
0.932,-0.9060000000000006,-1.075,-0.103,vazia4,3,-1.0343042194253251,0.0419385214839174,-0.1032036199095029
0.949,-0.9240000000000004,-1.08,-0.105,vazia4,3,-1.0377589698523928,-0.3153776815477478,-0.1056253393665165
0.966,-0.9420000000000002,-1.081,-0.109,vazia4,3,-1.0325906632134978,-0.4451075080005253,-0.1078778280542993
0.982,-0.96,-0.986,-0.1099999999999999,vazia4,3,-1.037235080055147,-0.7068038820518758,-0.1096633484162902
0.999,-0.9750000000000004,-1.041,-0.1109999999999999,vazia4,3,-1.055765041059154,-0.7906809250170532,-0.111267873303168
1.016,-0.995,-1.076,-0.1119999999999999,vazia4,3,-1.0800570856799203,-0.8946884582938317,-0.1124660633484169
1.032,-1.011,-1.104,-0.1139999999999999,vazia4,3,-1.110978026202938,-0.8460397733740024,-0.1134036199095029
1.0490000000000002,-1.032,-1.245,-0.1139999999999999,vazia4,3,-1.140090525903673,-0.674930605725045,-0.1141918552036205
1.066,-1.0520000000000005,-1.217,-0.1149999999999999,vazia4,3,-1.1539850480161906,-0.5642129090110046,-0.1146371040723988
1.082,-1.072,-1.217,-0.1139999999999999,vazia4,3,-1.1546543453982938,-0.5295437312519695,-0.1149873303167427
1.0990000000000002,-1.093,-1.16,-0.1149999999999999,vazia4,3,-1.1497888245293093,-0.4730665223220214,-0.1153266968325798
1.116,-1.1110000000000009,-1.132,-0.1149999999999999,vazia4,3,-1.1416092077856788,-0.3321530901405367,-0.1153755656108603
1.132,-1.1310000000000002,-1.16,-0.1159999999999999,vazia4,3,-1.144521408362238,-0.4059648879497999,-0.1150226244343897
1.149,-1.149,-1.104,-0.1139999999999999,vazia4,3,-1.1373596447125816,-0.5575027455735224,-0.1143837104072404
1.166,-1.1670000000000007,-1.16,-0.1139999999999999,vazia4,3,-1.1623348937362747,-0.7392363386647816,-0.1136018099547517
1.1820000000000002,-1.1880000000000006,-1.273,-0.1139999999999999,vazia4,3,-1.189086016508158,-0.811929775901227,-0.1128615384615391
1.199,-1.21,-1.273,-0.1109999999999999,vazia4,3,-1.221058081352193,-0.712954865202299,-0.1115746606334848
1.2160000000000002,-1.231,-1.245,-0.109,vazia4,3,-1.2255063915963536,-0.9863940252687372,-0.109936651583711
1.2320000000000002,-1.2510000000000003,-1.245,-0.107,vazia4,3,-1.2359766178970355,-0.9629084532384696,-0.1079728506787336
1.249,-1.2720000000000002,-1.33,-0.106,vazia4,3,-1.240445700653314,-1.1658908972141973,-0.1056126696832585
1.266,-1.2960000000000005,-1.302,-0.104,vazia4,3,-1.2608048749917269,-0.9808022224042928,-0.1032425339366522
1.282,-1.3150000000000004,-1.207,-0.102,vazia4,3,-1.275315354900131,-0.9573166503740468,-0.1002787330316748
1.2990000000000002,-1.3360000000000003,-1.196,-0.095,vazia4,3,-1.309561481706809,-0.8561050185293482,-0.0968597285067879
1.3150000000000002,-1.3550000000000004,-1.438,-0.094,vazia4,3,-1.332878626563747,-0.8510723959513982,-0.0934398190045254
1.332,-1.3840000000000003,-1.482,-0.089,vazia4,3,-1.3499569762545507,-0.7241384709307468,-0.0892941176470593
1.3490000000000002,-1.4050000000000002,-1.459,-0.0849999999999999,vazia4,3,-1.362497588276133,-0.4887235703417545,-0.0846814479638014
1.365,-1.4320000000000004,-1.393,-0.081,vazia4,3,-1.3746709845325753,-0.2119293285566996,-0.0798199095022629
1.382,-1.451,-1.301,-0.074,vazia4,3,-1.3602310959577355,-0.3712957101904877,-0.0746226244343895
1.399,-1.4760000000000004,-1.362,-0.0689999999999999,vazia4,3,-1.3564284939717388,0.0486486849219076,-0.069236199095023
1.415,-1.4960000000000004,-1.359,-0.065,vazia4,3,-1.351511745975407,0.3617896453252385,-0.0638959276018103
1.4320000000000002,-1.5210000000000004,-1.424,-0.0569999999999999,vazia4,3,-1.3460871276615214,0.6369063462510738,-0.0582334841628962
1.449,-1.5440000000000005,-1.358,-0.0529999999999999,vazia4,3,-1.351786893741908,0.4635604574563743,-0.0526959276018102
1.465,-1.5660000000000005,-1.303,-0.048,vazia4,3,-1.3431347903666189,0.7118365046333821,-0.0471773755656111
1.4820000000000002,-1.5870000000000002,-1.531,-0.0409999999999999,vazia4,3,-1.3351873680593342,0.7621627304125127,-0.0421067873303169
1.499,-1.6170000000000004,-1.405,-0.0369999999999999,vazia4,3,-1.3016452181677012,1.0104387775894708,-0.0373538461538463
1.515,-1.6340000000000003,-1.129,-0.033,vazia4,3,-1.2796826875546496,1.0098795973031116,-0.032902262443439
1.532,-1.6550000000000002,-1.216,-0.0289999999999999,vazia4,3,-1.239370987208351,0.8941292780110999,-0.0287701357466064
1.5490000000000002,-1.6750000000000005,-1.302,-0.0239999999999999,vazia4,3,-1.223462235572959,0.5714822527384626,-0.0254253393665159
1.5650000000000002,-1.6980000000000004,-1.274,-0.0219999999999999,vazia4,3,-1.2091769085713686,0.2516311288979338,-0.0221547511312217
1.582,-1.717,-1.207,-0.0199999999999999,vazia4,3,-1.2074550785623404,-0.0525629469224071,-0.0193746606334841
1.5990000000000002,-1.7380000000000004,-1.273,-0.0159999999999999,vazia4,3,-1.2199430551506634,-0.426095378260598,-0.016862443438914
1.615,-1.7590000000000003,-1.226,-0.0149999999999999,vazia4,3,-1.261523463080552,-0.8046604321767674,-0.014441628959276
1.632,-1.7790000000000004,-1.302,-0.0119999999999999,vazia4,3,-1.2686477305854411,-0.6424981491107644,-0.0119058823529411
1.649,-1.8030000000000004,-1.358,-0.011,vazia4,3,-1.2880881613580488,-0.5630945484370145,-0.0096371040723982
1.665,-1.8240000000000005,-1.33,-0.007,vazia4,3,-1.292786621938868,-0.6441756899699769,-0.0073221719457013
1.6820000000000002,-1.8470000000000004,-1.33,-0.005,vazia4,3,-1.3154441515168152,-0.5233927481000649,-0.0048389140271493
1.699,-1.869,-1.358,-0.002,vazia4,3,-1.3197102621842998,-0.2410067034506084,-0.0022533936651583
1.715,-1.8920000000000003,-1.342,0.0,vazia4,3,-1.3117045712201276,-0.2661698163401169,0.0001710407239818
1.7320000000000002,-1.9130000000000005,-1.302,0.004,vazia4,3,-1.311606165844913,-0.1772601507970392,0.0027864253393665
1.749,-1.9360000000000004,-1.302,0.004,vazia4,3,-1.3028964979656892,-0.2890962080839472,0.0052678733031674
1.765,-1.9570000000000003,-1.415,0.008,vazia4,3,-1.3172254824503848,-0.3746507919083939,0.0077701357466063
1.782,-1.983,-1.348,0.01,vazia4,3,-1.3230838589835057,-0.3880711187827899,0.0099683257918552
1.7990000000000002,-2.002,-1.241,0.013,vazia4,3,-1.340857207639208,-0.3343898112850354,0.0124262443438914
1.815,-2.0240000000000005,-1.438,0.014,vazia4,3,-1.357742971497287,-0.0911463866859563,0.0146280542986426
1.832,-2.0500000000000003,-1.417,0.017,vazia4,3,-1.370849722493319,0.2712024389236021,0.0169556561085973
1.849,-2.071,-1.419,0.019,vazia4,3,-1.351213185123216,0.386952758215628,0.0188407239819005
1.865,-2.0970000000000004,-1.388,0.0209999999999999,vazia4,3,-1.339440980011908,0.5150050438092109,0.0210099547511312
1.882,-2.1180000000000003,-1.367,0.0229999999999999,vazia4,3,-1.3145301609834457,0.5116499620906012,0.0229683257918552
1.898,-2.1420000000000003,-1.373,0.0259999999999999,vazia4,3,-1.2990967125915127,0.3310347295723517,0.0249773755656109
1.915,-2.1630000000000003,-1.213,0.0259999999999999,vazia4,3,-1.276904100000969,0.4283320994119037,0.02689592760181
1.932,-2.1830000000000003,-1.168,0.0289999999999999,vazia4,3,-1.275443510737623,0.3875119385022003,0.0287212669683258
1.948,-2.2020000000000004,-1.348,0.0289999999999999,vazia4,3,-1.2810337810337695,0.1448276941896153,0.0302298642533937
1.965,-2.228,-1.364,0.034,vazia4,3,-1.279485172651249,0.0128611465911774,0.0320597285067874
1.982,-2.248,-1.336,0.035,vazia4,3,-1.2900129634558637,-0.320410304123925,0.0341538461538463
1.998,-2.272,-1.415,0.036,vazia4,3,-1.2973229513021811,-0.3645855467520533,0.0365167420814481
2.015,-2.2950000000000004,-1.302,0.038,vazia4,3,-1.312084989853144,-0.4026098062296341,0.039073303167421
2.032,-2.3160000000000003,-1.245,0.04,vazia4,3,-1.308476382005788,-0.3908670202144293,0.0419366515837106
2.048,-2.3360000000000003,-1.315,0.044,vazia4,3,-1.309688229238395,-0.2382108020178037,0.0450660633484165
2.065,-2.3590000000000004,-1.387,0.05,vazia4,3,-1.3201945433779274,0.0206896706013992,0.0484027149321269
2.0820000000000003,-2.382,-1.402,0.0529999999999999,vazia4,3,-1.3300620147505875,-0.1280522855901438,0.0515873303167423
2.0980000000000003,-2.406,-1.358,0.0559999999999999,vazia4,3,-1.3259455365856687,-0.0771668795244977,0.0553900452488691
2.115,-2.4280000000000004,-1.33,0.059,vazia4,3,-1.3263564098339056,-0.2756758812088122,0.0594063348416293
2.132,-2.45,-1.415,0.063,vazia4,3,-1.3341001558994476,-0.173345888791232,0.0633457013574664
2.148,-2.475,-1.358,0.068,vazia4,3,-1.3335908772759917,0.0827586823957631,0.0673583710407243
2.165,-2.4960000000000004,-1.217,0.07,vazia4,3,-1.3167695434131386,0.0726934372399767,0.0713583710407244
2.182,-2.515,-1.33,0.075,vazia4,3,-1.3125775448439734,-0.1325257278814717,0.075580090497738
2.198,-2.5400000000000005,-1.415,0.081,vazia4,3,-1.3072685836526554,-0.5519109427072806,0.0800434389140276
2.2150000000000003,-2.563,-1.443,0.0849999999999999,vazia4,3,-1.3313666341347912,-0.6626286394213281,0.0846180995475118
2.232,-2.588,-1.358,0.089,vazia4,3,-1.3394221439204026,-0.922088292326805,0.0894904977375571
2.248,-2.608,-1.245,0.095,vazia4,3,-1.360940530058167,-1.1194789334381738,0.0944108597285073
2.265,-2.6290000000000004,-1.415,0.1,vazia4,3,-1.3960846279185346,-1.205592697549065,0.0995791855203626
2.282,-2.655,-1.5,0.105,vazia4,3,-1.4222821104308905,-0.9349494389147992,0.1051773755656115
2.298,-2.6790000000000003,-1.556,0.109,vazia4,3,-1.4290481401207908,-0.8935700977186087,0.1106923076923083
2.315,-2.7070000000000003,-1.443,0.116,vazia4,3,-1.46729156720505,-0.7286119132203766,0.1164108597285075
2.3320000000000003,-2.7270000000000003,-1.472,0.123,vazia4,3,-1.4763656342376037,-0.6749306057225795,0.1221963800904985
2.3480000000000003,-2.756,-1.617,0.128,vazia4,3,-1.4951783126523512,-0.2958063715199159,0.1282443438914035
2.365,-2.781,-1.487,0.1349999999999999,vazia4,3,-1.4769372303974335,0.0687791752354058,0.1341963800904985
2.381,-2.805,-1.393,0.141,vazia4,3,-1.4614594203694455,0.2751167009298143,0.1400886877828063
2.398,-2.8280000000000003,-1.541,0.146,vazia4,3,-1.4602150060627497,0.3192919435580137,0.1462895927601819
2.415,-2.857,-1.49,0.152,vazia4,3,-1.4435135542401865,0.1895621171053108,0.1522814479638018
2.431,-2.877,-1.472,0.157,vazia4,3,-1.440080280478202,-0.006150983146739,0.1578027149321277
2.448,-2.906,-1.472,0.165,vazia4,3,-1.439690883895032,0.2689657177790252,0.163662443438915
2.4650000000000003,-2.926,-1.415,0.169,vazia4,3,-1.442951640183468,-0.0715750766594993,0.1695809954751141
2.4810000000000003,-2.9530000000000003,-1.531,0.175,vazia4,3,-1.4419871266757025,-0.1649581844939263,0.1754877828054309
2.498,-2.9770000000000003,-1.412,0.183,vazia4,3,-1.44280957732514,-0.2013049031122165,0.1815122171945712
2.515,-3.0000000000000004,-1.526,0.186,vazia4,3,-1.4573235779983071,-0.0397018003326081,0.1877131221719468
2.531,-3.0280000000000005,-1.587,0.1929999999999999,vazia4,3,-1.4679490700251765,-0.163839823920938,0.1940841628959288
2.548,-3.0530000000000004,-1.35,0.2019999999999999,vazia4,3,-1.4651761156951273,0.147064415336672,0.200348416289594
2.565,-3.0730000000000004,-1.472,0.206,vazia4,3,-1.4680252945823655,0.0637465526579035,0.2064968325791868
2.581,-3.1020000000000003,-1.621,0.213,vazia4,3,-1.453024196103765,0.3360673521515025,0.2128588235294131
2.5980000000000003,-3.127,-1.5,0.219,vazia4,3,-1.4483894613652262,0.2616963740557878,0.2190868778280557
2.615,-3.152,-1.387,0.226,vazia4,3,-1.432186197757118,0.2130476891359762,0.2253864253393679
2.631,-3.1730000000000005,-1.443,0.232,vazia4,3,-1.4263271170710494,0.2102517877038963,0.2317076923076937
2.648,-3.2,-1.472,0.236,vazia4,3,-1.433487472414798,0.0743709781003474,0.2374714932126712
2.665,-3.2220000000000004,-1.443,0.243,vazia4,3,-1.4304983431280869,0.13028900674378,0.2429167420814494
2.681,-3.248,-1.449,0.249,vazia4,3,-1.418703253045797,0.1828519536687309,0.2485656108597301
2.698,-3.2710000000000004,-1.449,0.255,vazia4,3,-1.4308565809430625,-0.1146319587144546,0.2538045248868794
2.7150000000000003,-3.2960000000000003,-1.55,0.26,vazia4,3,-1.44089727394222,-0.0341099974677803,0.2590588235294134
2.7310000000000003,-3.322,-1.465,0.263,vazia4,3,-1.442110529480757,0.0838770429698456,0.2640217194570152
2.748,-3.345,-1.414,0.268,vazia4,3,-1.433359316577293,0.3086675181165503,0.2689520361990967
2.765,-3.369,-1.444,0.273,vazia4,3,-1.4384084453288335,0.4378381642828941,0.2737882352941194
2.781,-3.393,-1.472,0.279,vazia4,3,-1.420635800826092,0.6240451996656446,0.2782805429864271
2.798,-3.418,-1.494,0.283,vazia4,3,-1.403578223647414,0.5217152072482776,0.2825945701357484
2.815,-3.4430000000000005,-1.387,0.288,vazia4,3,-1.3782121697346508,0.3589937438958515,0.2871846153846172
2.831,-3.4650000000000003,-1.392,0.291,vazia4,3,-1.3698510575673102,0.110158516432449,0.2915755656108616
2.8480000000000003,-3.4890000000000003,-1.41,0.296,vazia4,3,-1.3740430561364652,-0.0503262257741425,0.2961285067873322
2.864,-3.5120000000000005,-1.302,0.3,vazia4,3,-1.377454853233384,-0.0430568820504646,0.3002597285067893
2.881,-3.5330000000000004,-1.364,0.304,vazia4,3,-1.3939408342522377,0.0950606486989471,0.3042009049773775
2.898,-3.5570000000000004,-1.5,0.308,vazia4,3,-1.4034299994507444,0.1850886748149918,0.30832488687783
2.914,-3.5820000000000003,-1.528,0.314,vazia4,3,-1.4082726353487425,0.2287047371568746,0.3122723981900472
2.931,-3.608000000000001,-1.472,0.315,vazia4,3,-1.4016229669343616,0.2561045711921821,0.3161701357466083
2.948,-3.632000000000001,-1.414,0.3209999999999999,vazia4,3,-1.384401850232277,0.3768875130619733,0.3202886877828074
2.964,-3.655,-1.387,0.3229999999999999,vazia4,3,-1.3732470112227635,0.5049397986555988,0.3240895927601829
2.9810000000000003,-3.678,-1.302,0.3279999999999999,vazia4,3,-1.3448807376142713,0.4557319334493144,0.3279203619909522
2.998,-3.698,-1.301,0.3329999999999999,vazia4,3,-1.3266854253013096,0.4948745534998551,0.3315782805429884
3.014,-3.721,-1.358,0.3339999999999999,vazia4,3,-1.3318759127582367,0.5150050438113567,0.3354018099547532
3.031,-3.744,-1.415,0.3399999999999999,vazia4,3,-1.3472810189937912,0.6441756899778568,0.3395348416289613
3.048,-3.768,-1.434,0.344,vazia4,3,-1.3404810139238963,0.4708298011830436,0.3435248868778302
3.064,-3.791,-1.301,0.346,vazia4,3,-1.3399634615032323,0.6715755240131642,0.3473285067873325
3.081,-3.812,-1.396,0.351,vazia4,3,-1.3116845028609476,0.6078289713595666,0.3512343891402737
3.0980000000000003,-3.838,-1.418,0.355,vazia4,3,-1.2867307305023274,0.5988820867767544,0.3551221719457036
3.114,-3.859,-1.189,0.361,vazia4,3,-1.2539237162939298,0.4887235703492081,0.3590832579185543
3.131,-3.878,-1.123,0.364,vazia4,3,-1.2517051063763538,0.4232994768365046,0.3631538461538485
0.15,-0.0769999999999999,-0.855,0.014,vazia5,3,-0.7646680341317084,-0.4406340657103165,0.0130932126696833
0.1659999999999999,-0.0919999999999996,-0.739,0.014,vazia5,3,-0.7285115403627581,0.3332714507150927,0.0148343891402715
0.183,-0.1020000000000003,-0.587,0.017,vazia5,3,-0.6865299412877307,0.6961794566111195,0.01659185520362
0.2,-0.1120000000000001,-0.617,0.018,vazia5,3,-0.6479178901324264,0.7593668289782558,0.0182434389140272
0.216,-0.1230000000000002,-0.645,0.019,vazia5,3,-0.6372515572342574,0.6424981491134583,0.0196760180995476
0.2329999999999999,-0.133,-0.604,0.021,vazia5,3,-0.6351521252040303,0.2835044052224926,0.0209212669683259
0.249,-0.1429999999999998,-0.707,0.023,vazia5,3,-0.6380664382394512,-0.0033550817183716,0.021881447963801
0.2659999999999999,-0.157,-0.738,0.023,vazia5,3,-0.6481500845687697,-0.3254429267046674,0.0228063348416291
0.283,-0.1669999999999998,-0.674,0.024,vazia5,3,-0.6676778303075884,-0.561417007580018,0.0237547511312218
0.299,-0.1790000000000002,-0.705,0.025,vazia5,3,-0.6736221135010099,-0.5614170075800295,0.0242470588235295
0.316,-0.1909999999999998,-0.623,0.024,vazia5,3,-0.6777032079800276,-0.6257227405199792,0.0248895927601811
0.3329999999999999,-0.2000000000000001,-0.653,0.025,vazia5,3,-0.6764434783465962,-0.9411004220690148,0.0256823529411766
0.349,-0.213,-0.757,0.026,vazia5,3,-0.6846818918618264,-1.239143514738574,0.026225339366516
0.366,-0.2249999999999996,-0.764,0.027,vazia5,3,-0.7093182672767475,-1.5472518525639654,0.027004524886878
0.383,-0.2380000000000004,-0.746,0.028,vazia5,3,-0.7518797363088036,-1.9129557598921512,0.0278968325791857
0.3989999999999999,-0.25,-0.766,0.028,vazia5,3,-0.7995422653727176,-1.874372320128124,0.028708597285068
0.416,-0.2629999999999999,-0.827,0.031,vazia5,3,-0.8397956970621359,-2.0108123100181494,0.0297782805429866
0.433,-0.2770000000000001,-0.939,0.032,vazia5,3,-0.8808071494057683,-1.9705513293948105,0.0310262443438916
0.449,-0.2949999999999999,-1.007,0.031,vazia5,3,-0.9143235977146036,-1.7485567556803012,0.032225339366516
0.4659999999999999,-0.3109999999999999,-0.953,0.034,vazia5,3,-0.9547190922623467,-1.5338315256894273,0.0335393665158373
0.483,-0.3269999999999999,-0.993,0.034,vazia5,3,-0.979030501089326,-1.259833185336479,0.0349819004524889
0.499,-0.3440000000000003,-0.958,0.036,vazia5,3,-0.9954034655591772,-0.9534023883703906,0.0364868778280545
0.516,-0.3579999999999996,-1.019,0.039,vazia5,3,-0.9977072779840968,-0.6581551971329187,0.0380380090497739
0.533,-0.3780000000000001,-1.095,0.04,vazia5,3,-0.9994380859432762,-0.4344830825591135,0.0396624434389142
0.5489999999999999,-0.3949999999999996,-1.019,0.042,vazia5,3,-1.0109726394328495,-0.1560112999146792,0.0416371040723984
0.566,-0.4119999999999999,-0.994,0.044,vazia5,3,-1.0184676434676438,-0.1062442544220001,0.04387963800905
0.583,-0.4279999999999999,-1.019,0.0459999999999999,vazia5,3,-1.0217173093470695,0.1789376916596516,0.0461447963800907
0.599,-0.4459999999999997,-1.064,0.0479999999999999,vazia5,3,-1.002524212299302,0.1610439224937412,0.0489782805429866
0.616,-0.4630000000000001,-1.046,0.0509999999999999,vazia5,3,-0.9843489683455128,0.0206896705987098,0.051748416289593
0.633,-0.4809999999999998,-1.029,0.0549999999999999,vazia5,3,-0.9804389830341416,0.1068034347096933,0.0546823529411767
0.649,-0.4980000000000002,-0.944,0.0579999999999999,vazia5,3,-0.979420425787211,-0.2879778475130621,0.0580479638009052
0.666,-0.5119999999999996,-0.969,0.062,vazia5,3,-0.9808810150505662,-0.5278661903934427,0.0616180995475116
0.6829999999999999,-0.5300000000000002,-0.97,0.066,vazia5,3,-0.9848533178983038,-0.8879782948572554,0.0654180995475117
0.699,-0.5439999999999996,-1.045,0.07,vazia5,3,-1.003273783118075,-1.1776336832303151,0.0694552036199099
0.716,-0.5650000000000004,-1.199,0.072,vazia5,3,-1.0324811674292655,-1.5970188980561597,0.0736597285067878
0.733,-0.5839999999999996,-1.01,0.077,vazia5,3,-1.082787790832775,-1.6333656166743964,0.0774705882352946
0.749,-0.5979999999999999,-1.065,0.082,vazia5,3,-1.1336036928597482,-1.506431691653745,0.0816063348416294
0.766,-0.6200000000000001,-1.221,0.086,vazia5,3,-1.1722891519604357,-1.112768770003818,0.0855583710407245
0.782,-0.6390000000000002,-1.221,0.09,vazia5,3,-1.167172072448891,-1.0607650033653329,0.0893628959276023
0.7989999999999999,-0.6609999999999996,-1.253,0.094,vazia5,3,-1.180761696332635,-0.954520748942766,0.0932588235294123
0.816,-0.681,-1.316,0.097,vazia5,3,-1.1902902940965243,-0.6424981491122566,0.0970850678733037
0.832,-0.7039999999999997,-1.189,0.099,vazia5,3,-1.2008700161814367,-0.7386771583790193,0.1008986425339372
0.849,-0.7210000000000001,-1.06,0.106,vazia5,3,-1.209337807521199,-0.5200376663830681,0.1043592760181001
0.866,-0.7400000000000002,-1.124,0.106,vazia5,3,-1.215749120160884,0.0072693437247011,0.1076832579185526
0.882,-0.758,-1.382,0.1109999999999999,vazia5,3,-1.2232122612745426,0.0352283580464138,0.1109022624434395
0.899,-0.7859999999999996,-1.413,0.1149999999999999,vazia5,3,-1.219096487262579,0.0989749106999617,0.1139366515837111
0.916,-0.8049999999999997,-1.156,0.1169999999999999,vazia5,3,-1.2191075776715905,0.0257222931771003,0.1168660633484169
0.932,-0.8239999999999998,-1.284,0.12,vazia5,3,-1.211146248343482,-0.0341099974713721,0.1195176470588242
0.949,-0.8479999999999999,-1.288,0.122,vazia5,3,-1.2055566822002834,-0.1588072013462138,0.1221484162895935
0.966,-0.867,-1.066,0.124,vazia5,3,-1.18902704369833,-0.0525629469236186,0.124218099547512
0.982,-0.883,-1.146,0.126,vazia5,3,-1.188875298736895,0.0039142620063366,0.1264352941176478
0.999,-0.9050000000000002,-1.278,0.128,vazia5,3,-1.1840111861738143,-0.3276796478492976,0.1282434389140279
1.016,-0.9260000000000002,-1.256,0.13,vazia5,3,-1.2066791020078185,-1.0546140202141778,0.1297221719457022
1.032,-0.947,-1.284,0.131,vazia5,3,-1.2269405751239613,-1.1960866326820891,0.131243438914028
1.0490000000000002,-0.9690000000000004,-1.315,0.134,vazia5,3,-1.262550294124684,-1.1977641735414082,0.1325230769230778
1.066,-0.9909999999999995,-1.309,0.133,vazia5,3,-1.3013660215217295,-1.282759577079435,0.1338452488687791
1.082,-1.0119999999999996,-1.188,0.135,vazia5,3,-1.3271193595588069,-0.8790314102736616,0.1349031674208153
1.0990000000000002,-1.0309999999999997,-1.352,0.136,vazia5,3,-1.3312974511071445,-0.5435232384129165,0.1357466063348424
1.116,-1.0570000000000004,-1.561,0.135,vazia5,3,-1.3528075634477077,-0.2650514557684147,0.1363638009049782
1.132,-1.0830000000000002,-1.423,0.138,vazia5,3,-1.349795549190017,-0.1191054010090582,0.1369520361990959
1.149,-1.1050000000000004,-1.298,0.138,vazia5,3,-1.350391438626735,0.189002936816486,0.1377203619909511
1.166,-1.1260000000000003,-1.349,0.139,vazia5,3,-1.337643629598649,0.3517244001689477,0.1382778280542995
1.1820000000000002,-1.1500000000000004,-1.31,0.138,vazia5,3,-1.3242576819566407,0.6385838871099168,0.1391285067873312
1.199,-1.17,-1.323,0.139,vazia5,3,-1.2964665252727483,0.821435840774015,0.1396199095022633
1.2160000000000002,-1.194,-1.312,0.14,vazia5,3,-1.2741894143278183,0.9768879604028058,0.1403882352941185
1.2320000000000002,-1.213,-1.324,0.142,vazia5,3,-1.2697736711577523,0.7571301078340582,0.1412515837104081
1.249,-1.2380000000000004,-1.323,0.143,vazia5,3,-1.265682190422675,0.6447348702607485,0.1420307692307701
1.266,-1.2569999999999997,-1.272,0.142,vazia5,3,-1.2498815262656089,0.7101589637735941,0.1430941176470597
1.282,-1.2800000000000002,-1.247,0.144,vazia5,3,-1.234536096992843,0.7906809250201903,0.1440687782805439
1.2990000000000002,-1.2990000000000004,-1.223,0.144,vazia5,3,-1.226838120869263,0.8359745282214703,0.144849773755657
1.3150000000000002,-1.3209999999999995,-1.248,0.147,vazia5,3,-1.2000655214322986,0.8052196124675817,0.1456552036199104
1.332,-1.34,-1.196,0.147,vazia5,3,-1.1833225245854977,0.5625353681549754,0.1464877828054308
1.3490000000000002,-1.3609999999999998,-1.222,0.148,vazia5,3,-1.1636541242942586,0.4003730850890292,0.1472063348416299
1.365,-1.3810000000000002,-1.221,0.148,vazia5,3,-1.1741188934095503,0.2410067034552483,0.1482787330316751
1.382,-1.4009999999999998,-1.171,0.148,vazia5,3,-1.1745859228558146,0.3690589890487743,0.1492841628959285
1.399,-1.42,-1.091,0.149,vazia5,3,-1.1769161410164828,0.3053124363952406,0.1501221719457023
1.415,-1.4379999999999995,-1.197,0.153,vazia5,3,-1.1718809192857589,0.4305688205565801,0.1512742081447973
1.4320000000000002,-1.46,-1.283,0.153,vazia5,3,-1.1684490538296703,0.4316871811295115,0.1527266968325801
1.449,-1.481,-1.248,0.154,vazia5,3,-1.1573919160424293,0.5541476638586573,0.1546660633484173
1.465,-1.5019999999999998,-1.141,0.157,vazia5,3,-1.1573947326542422,0.8035420716085113,0.1567990950226254
1.4820000000000002,-1.519,-1.07,0.157,vazia5,3,-1.137088897902044,0.9483697657950289,0.1591647058823539
1.499,-1.537,-1.148,0.161,vazia5,3,-1.113685846384804,1.118919753157634,0.1613719457013585
1.515,-1.557,-1.123,0.165,vazia5,3,-1.0776208924997772,1.1289849983135056,0.1636117647058834
1.532,-1.5750000000000002,-1.122,0.168,vazia5,3,-1.045790890514069,0.9986959915743155,0.1659095022624445
1.5490000000000002,-1.594,-1.12,0.169,vazia5,3,-1.0398480156265544,0.8029828913222445,0.1685466063348427
1.5650000000000002,-1.612,-0.968,0.1709999999999999,vazia5,3,-1.029029937766955,0.5502334018538448,0.1713185520362001
1.582,-1.626,-0.994,0.173,vazia5,3,-1.0250784074313457,0.4361606234212729,0.1740760180995486
1.5990000000000002,-1.645,-1.046,0.175,vazia5,3,-1.0088432809020984,0.343336695873127,0.1769963800904988
1.615,-1.661,-1.046,0.18,vazia5,3,-0.998911379534204,0.0341099974748431,0.1796298642533948
1.632,-1.6800000000000002,-1.097,0.183,vazia5,3,-1.0093310828604822,-0.2309414582950992,0.1823945701357477
1.649,-1.698,-0.986,0.186,vazia5,3,-1.0216021803391966,-0.3657039073258232,0.1854262443438926
1.665,-1.713,-1.019,0.19,vazia5,3,-1.038010528494951,-0.4551727531553382,0.1886515837104084
1.6820000000000002,-1.7320000000000002,-1.054,0.192,vazia5,3,-1.0508227675182655,-0.3556386621699161,0.1919819004524899
1.699,-1.7479999999999998,-1.071,0.195,vazia5,3,-1.0465212731648628,-0.2723207994911618,0.195583710407241
1.715,-1.767,-1.173,0.198,vazia5,3,-1.061099703833266,-0.2387699823050724,0.1992054298642546
1.7320000000000002,-1.787,-1.097,0.202,vazia5,3,-1.0603513652821543,-0.2191986722798233,0.2027954751131235
1.749,-1.804,-1.046,0.206,vazia5,3,-1.065581989457416,-0.3086675181093312,0.2065085972850692
1.765,-1.822,-1.087,0.21,vazia5,3,-1.0613019717690884,-0.4093199696674787,0.2102380090497751
1.782,-1.84,-1.067,0.215,vazia5,3,-1.0623295069661765,-0.3030757152449439,0.2138886877828067
1.7990000000000002,-1.857,-1.106,0.219,vazia5,3,-1.0788251700881373,-0.1990681819680873,0.2175837104072412
1.815,-1.877,-1.06,0.221,vazia5,3,-1.077405421696067,-0.1834111339478426,0.2209167420814493
1.832,-1.893,-1.079,0.224,vazia5,3,-1.0798845682063622,-0.4512584911499218,0.2239701357466077
1.848,-1.913,-1.188,0.226,vazia5,3,-1.0909306155845884,-0.6592735577035995,0.2266352941176485
1.865,-1.932,-1.189,0.229,vazia5,3,-1.1109995028680022,-0.4417524262806012,0.2288895927601824
1.882,-1.953,-1.147,0.231,vazia5,3,-1.1192407329950451,-0.3808017750591475,0.2309375565610874
1.898,-1.97,-1.019,0.2329999999999999,vazia5,3,-1.1225970780468946,-0.3360673521443758,0.2328135746606349
1.915,-1.986,-1.101,0.2339999999999999,vazia5,3,-1.1229532034030223,-0.3008389940989815,0.2344561085972865
1.932,-2.007,-1.273,0.236,vazia5,3,-1.1332530246890062,-0.2493944077469265,0.236048868778282
1.948,-2.029,-1.267,0.237,vazia5,3,-1.1330465318354517,-0.0833178626758979,0.2373375565610874
1.965,-2.049,-1.044,0.238,vazia5,3,-1.1476693241399052,0.0710158963800537,0.2382334841628974
1.982,-2.064,-1.07,0.24,vazia5,3,-1.1396865181467206,0.0106244254452008,0.2389457013574675
1.998,-2.085,-1.247,0.24,vazia5,3,-1.1384517859431262,0.0296365551839983,0.2395131221719472
2.015,-2.105,-1.196,0.239,vazia5,3,-1.1169943090358243,0.0447344229177417,0.2398108597285083
2.032,-2.125,-1.145,0.24,vazia5,3,-1.117612379290572,0.2745575206423467,0.2398208144796395
2.048,-2.143,-1.119,0.239,vazia5,3,-1.1239606702409362,0.1616031027825357,0.2394226244343906
2.065,-2.162,-1.043,0.238,vazia5,3,-1.12763300393057,0.0223672114603914,0.238732126696834
2.0820000000000003,-2.178,-1.169,0.239,vazia5,3,-1.118696774838632,-0.0525629469218245,0.2377628959276033
2.0980000000000003,-2.201,-1.22,0.237,vazia5,3,-1.1069875914166445,0.0055918028674426,0.236496832579187
2.115,-2.219,-1.195,0.235,vazia5,3,-1.1167033178278771,-0.1616031027764535,0.235090497737558
2.132,-2.241,-1.093,0.2329999999999999,vazia5,3,-1.1294407405999007,-0.1643990042086187,0.2333981900452503
2.148,-2.255,-1.042,0.231,vazia5,3,-1.1418968542670835,-0.0095060648661018,0.2313746606334856
2.165,-2.275,-1.194,0.229,vazia5,3,-1.1411499240218874,0.2303822780142894,0.2292108597285082
2.182,-2.295,-1.219,0.227,vazia5,3,-1.1317383916864792,0.3623488256128127,0.2266542986425354
2.198,-2.316,-1.193,0.224,vazia5,3,-1.1146801103548367,0.4439891474322905,0.2237502262443453
2.2150000000000003,-2.335,-1.142,0.221,vazia5,3,-1.117552174213064,0.3556386621756076,0.2209095022624448
2.232,-2.354,-1.117,0.218,vazia5,3,-1.0967023813044436,0.2527494894717534,0.2179638009049787
2.248,-2.372,-1.041,0.215,vazia5,3,-1.0940929664978007,0.2432434246023405,0.2147746606334855
2.265,-2.389,-1.066,0.211,vazia5,3,-1.0696144973826456,0.340540794441992,0.2114307692307706
2.282,-2.407,-1.117,0.207,vazia5,3,-1.0656400820760583,0.0570363892197747,0.2077683257918565
2.298,-2.426,-1.143,0.204,vazia5,3,-1.0761574866246022,-0.1498603167609786,0.2039800904977388
2.315,-2.445,-1.085,0.201,vazia5,3,-1.09744103775245,-0.2225537539975448,0.2001384615384628
2.3320000000000003,-2.462,-1.156,0.197,vazia5,3,-1.1131572035551225,-0.0933831078310873,0.1961248868778293
2.3480000000000003,-2.484,-1.153,0.192,vazia5,3,-1.114413412423784,-0.0369058989011961,0.192100452488689
2.365,-2.5,-1.086,0.188,vazia5,3,-1.1068962275709655,0.0497670454962246,0.1881674208144808
2.381,-2.52,-1.197,0.183,vazia5,3,-1.1037449670667574,0.3209694844170059,0.1840959276018111
2.398,-2.54,-1.129,0.18,vazia5,3,-1.087791149642353,0.3064307969696358,0.1802063348416301
2.415,-2.558,-1.041,0.176,vazia5,3,-1.0804160276478538,0.3092266984019858,0.1761420814479649
2.431,-2.575,-1.04,0.172,vazia5,3,-1.0725101503648111,0.3058716166833335,0.1722325791855214
2.448,-2.592,-1.108,0.169,vazia5,3,-1.0637485512052862,0.3013981743919345,0.1684778280542997
2.4650000000000003,-2.612,-1.153,0.165,vazia5,3,-1.07364999795795,0.3047532561104731,0.1646868778280553
2.4810000000000003,-2.631,-1.018,0.16,vazia5,3,-1.0681817221609493,0.5345763538351491,0.1607393665158381
2.498,-2.646,-1.085,0.158,vazia5,3,-1.0640569701988352,0.4931970126389871,0.1566443438914037
2.515,-2.667,-1.153,0.152,vazia5,3,-1.0535846314393011,0.4378381642819278,0.1524018099547521
2.531,-2.684,-1.039,0.149,vazia5,3,-1.032399485686676,0.3780058736335121,0.1482117647058833
2.548,-2.702,-1.084,0.144,vazia5,3,-1.013207092791864,0.3013981743920624,0.1440036199095032
2.565,-2.72,-1.012,0.139,vazia5,3,-1.0101646239189406,0.2980430926733817,0.1396361990950235
2.581,-2.735,-0.926,0.135,vazia5,3,-1.0133283831380595,0.1347624490345822,0.1355773755656117
2.5980000000000003,-2.751,-1.0,0.131,vazia5,3,-1.0154410180361624,0.0821995021097592,0.1314769230769239
2.615,-2.769,-1.062,0.128,vazia5,3,-1.013188432738593,0.1163094995823428,0.1273846153846161
2.631,-2.787,-1.13,0.124,vazia5,3,-1.0305412260429463,0.0682199949490041,0.1236796380090505
2.648,-2.806,-1.108,0.12,vazia5,3,-1.0267504186189127,0.0732526175268759,0.1201257918552043
2.665,-2.824,-0.972,0.1159999999999999,vazia5,3,-1.020002344829324,-0.0318732763228268,0.1167574660633491
2.681,-2.839,-1.017,0.1139999999999999,vazia5,3,-1.021778922730475,0.1168686798688298,0.1133972850678739
2.698,-2.857,-1.055,0.1089999999999999,vazia5,3,-1.0114139672963045,0.3640263664729417,0.1099203619909508
2.7150000000000003,-2.874,-0.995,0.107,vazia5,3,-0.9949945287315464,0.3321530901461784,0.1066633484162902
2.7310000000000003,-2.891,-0.957,0.104,vazia5,3,-0.9922444593724816,0.239888342884555,0.1034153846153852
2.748,-2.906,-1.04,0.101,vazia5,3,-0.9884647423574626,0.0262814734665539,0.1001719457013581
2.765,-2.925,-1.153,0.096,vazia5,3,-0.9965667262379848,-0.0939422881168354,0.0967873303167426
2.781,-2.944,-0.972,0.093,vazia5,3,-0.9941180343429236,-0.2549862106099994,0.0934479638009055
2.798,-2.958,-0.896,0.09,vazia5,3,-0.9873359851733352,-0.4171484936758816,0.089992760180996
2.815,-2.974,-1.063,0.088,vazia5,3,-1.0063329756236166,-0.4702706208872484,0.0867375565610865
2.831,-2.993,-1.054,0.083,vazia5,3,-1.0210513566914765,-0.4562911137263512,0.083180090497738
2.8480000000000003,-3.009,-1.062,0.079,vazia5,3,-1.0330619175774665,-0.417707673962326,0.079765610859729
2.864,-3.028,-1.057,0.076,vazia5,3,-1.0389743378497478,-0.4003730850828617,0.076600904977376
2.881,-3.044,-1.063,0.074,vazia5,3,-1.051623741502611,-0.5837842190332765,0.0733927601809959
2.898,-3.064,-1.199,0.07,vazia5,3,-1.0552170340232476,-0.7839707615767537,0.0701185520361995
2.914,-3.084,-1.063,0.067,vazia5,3,-1.0623198248630623,-0.573159793591131,0.066746606334842
2.931,-3.099,-0.996,0.063,vazia5,3,-1.0688489070841745,-0.6044738896314357,0.0634425339366519
2.948,-3.117,-1.064,0.061,vazia5,3,-1.0881701599694464,-0.6150983150735669,0.0603719457013578
2.964,-3.135,-1.085,0.0579999999999999,vazia5,3,-1.0999527513368124,-0.5015847169272547,0.057223529411765
2.9810000000000003,-3.154,-1.176,0.0529999999999999,vazia5,3,-1.1113563323770783,-0.5670088104401856,0.0540886877828057
2.998,-3.174,-1.29,0.0509999999999999,vazia5,3,-1.120961858851118,-0.4965520943493544,0.0508470588235296
3.014,-3.196,-1.154,0.0469999999999999,vazia5,3,-1.1334484271335263,-0.6609510985610285,0.0476434389140273
3.031,-3.212,-1.086,0.045,vazia5,3,-1.1467796268834212,-0.6134207742141058,0.0445457013574663
3.048,-3.233,-1.176,0.042,vazia5,3,-1.144567882457134,-0.3863935779217087,0.0415447963800907
3.064,-3.251,-1.131,0.039,vazia5,3,-1.152592937627522,-0.2147252299861861,0.0386226244343893
3.081,-3.27,-1.176,0.036,vazia5,3,-1.1510214442740074,-0.2164027708453915,0.0358904977375567
3.0980000000000003,-3.291,-1.176,0.032,vazia5,3,-1.1543348359957113,-0.3204103041223618,0.0333185520361993
3.114,-3.31,-1.245,0.03,vazia5,3,-1.1619261329468815,-0.5166825846607708,0.0305909502262445
3.131,-3.332,-1.245,0.029,vazia5,3,-1.171336256976378,-0.7548933866818714,0.0281212669683259
3.148,-3.351,-1.177,0.026,vazia5,3,-1.1758933588518143,-0.7157507666314871,0.0256959276018101
3.164,-3.371,-1.132,0.024,vazia5,3,-1.1984961405376446,-0.7358812569430739,0.0235013574660635
3.181,-3.389,-1.2,0.021,vazia5,3,-1.2128237167164362,-0.606710610776588,0.0213737556561087
3.198,-3.411,-1.313,0.019,vazia5,3,-1.231213727320962,-0.475303243464495,0.0192696832579186
3.214,-3.432,-1.29,0.017,vazia5,3,-1.2480010858038386,-0.3936629216450882,0.0173981900452489
3.2310000000000003,-3.454,-1.336,0.016,vazia5,3,-1.2594815955542482,-0.141472612463076,0.0154733031674209
3.248,-3.477,-1.313,0.014,vazia5,3,-1.256978859920021,-0.152097037905321,0.0135972850678733
3.264,-3.498,-1.245,0.012,vazia5,3,-1.2450527973884182,-0.0128611465830204,0.0120606334841629
3.281,-3.518,-1.223,0.01,vazia5,3,-1.2398540361342865,0.235974080880382,0.0105972850678733
3.298,-3.539,-1.224,0.009,vazia5,3,-1.214920332134842,0.2018640834079121,0.0093321266968326
3.314,-3.559,-1.224,0.009,vazia5,3,-1.2152134358016502,0.1101585164326337,0.0082334841628959
3.331,-3.58,-1.2,0.007,vazia5,3,-1.2197414913677744,0.0816403218245653,0.0073221719457014
