t,y,vy,x,trial,massa
0.0,0.0,-7.458,0.0,vazia1,3
0.03299999999999992,0.12900000000000045,-7.461,0.0010000000000000009,vazia1,3
0.04999999999999982,0.24899999999999967,-7.495,0.0020000000000000018,vazia1,3
0.06599999999999984,0.37900000000000045,-7.605,0.006000000000000005,vazia1,3
0.08299999999999996,0.5019999999999998,-7.402,0.009000000000000008,vazia1,3
0.09999999999999987,0.625,-7.533,0.013999999999999957,vazia1,3
0.11599999999999988,0.8639999999999999,-6.985,0.01799999999999996,vazia1,3
0.133,0.7530000000000001,-7.169,0.013999999999999957,vazia1,3
0.1499999999999999,0.9859999999999998,-7.374,0.023999999999999966,vazia1,3
0.16599999999999993,1.1100000000000003,-7.188,0.025999999999999968,vazia1,3
0.18299999999999983,1.2250000000000005,-6.835,0.02999999999999997,vazia1,3
0.19999999999999996,1.3369999999999997,-6.904,0.034999999999999976,vazia1,3
0.21599999999999997,1.455,-7.237,0.03799999999999998,vazia1,3
0.23299999999999987,1.5780000000000003,-7.015,0.04299999999999998,vazia1,3
0.25,1.689,-6.571,0.04899999999999999,vazia1,3
0.266,1.7970000000000002,-6.56,0.05099999999999999,vazia1,3
0.2829999999999999,1.908,-6.58,0.055999999999999994,vazia1,3
0.2999999999999998,2.017,-6.447,0.064,vazia1,3
0.31599999999999984,2.122,-6.293,0.068,vazia1,3
0.33299999999999996,2.226,-6.451,0.07200000000000001,vazia1,3
0.34999999999999987,2.337,-6.551,0.07899999999999996,vazia1,3
0.3659999999999999,2.444,-6.138,0.08299999999999996,vazia1,3
0.383,2.5420000000000003,-6.26,0.08799999999999997,vazia1,3
0.399,2.653,-6.225,0.09399999999999997,vazia1,3
0.4159999999999999,2.749,-6.036,0.09999999999999998,vazia1,3
0.43299999999999983,2.854,-5.894,0.10599999999999998,vazia1,3
0.44899999999999984,2.9450000000000003,-5.705,0.11299999999999999,vazia1,3
0.46599999999999997,3.044,-5.716,0.121,vazia1,3
0.4829999999999999,3.136,-5.844,0.128,vazia1,3
0.4989999999999999,3.239,-5.844,0.134,vazia1,3
0.516,3.33,-5.579,0.134,vazia1,3
0.5329999999999999,3.425,-5.32,0.13999999999999996,vazia1,3
0.5489999999999999,3.508,-5.246,0.14499999999999996,vazia1,3
0.5659999999999998,3.599,-5.327,0.14899999999999997,vazia1,3
0.583,3.685,-5.128,0.15699999999999997,vazia1,3
0.599,3.77,-5.009,0.16099999999999998,vazia1,3
0.6159999999999999,3.8520000000000003,-4.882,0.17099999999999999,vazia1,3
0.633,3.933,-4.817,0.177,vazia1,3
0.649,4.0120000000000005,-4.752,0.179,vazia1,3
0.6659999999999999,4.091,-4.558,0.18499999999999997,vazia1,3
0.6829999999999998,4.164,-4.417,0.18999999999999997,vazia1,3
0.6989999999999998,4.313000000000001,-4.164,0.20099999999999998,vazia1,3
0.716,4.2379999999999995,-4.46,0.19499999999999998,vazia1,3
0.7329999999999999,4.377,-3.833,0.207,vazia1,3
0.7489999999999999,4.441,-3.736,0.21499999999999997,vazia1,3
0.766,4.501,-3.792,0.21999999999999997,vazia1,3
0.7829999999999999,4.567,-3.778,0.22799999999999998,vazia1,3
0.7989999999999999,4.627,-3.5,0.238,vazia1,3
0.8159999999999998,4.683,-3.328,0.243,vazia1,3
0.8329999999999997,4.7940000000000005,-3.198,0.262,vazia1,3
0.8489999999999998,4.738,-3.319,0.253,vazia1,3
0.8660000000000001,4.845,-2.872,0.267,vazia1,3
0.883,4.890000000000001,-2.704,0.27699999999999997,vazia1,3
0.899,4.9350000000000005,-2.581,0.284,vazia1,3
0.9159999999999999,4.976,-2.387,0.29,vazia1,3
0.0,0.0,-0.117,0.0,vazia2,3
0.18300000000000027,7.416,-0.455,4.974,vazia2,3
0.20000000000000018,7.409,-0.533,4.975,vazia2,3
0.2160000000000002,7.398000000000001,-0.755,4.977,vazia2,3
0.2330000000000001,7.384,-0.921,4.978,vazia2,3
0.25,7.367,-1.032,4.979,vazia2,3
0.266,7.3500000000000005,-1.054,4.981,vazia2,3
0.28300000000000036,7.332,-1.121,4.9830000000000005,vazia2,3
0.30000000000000027,7.312,-1.332,4.982,vazia2,3
0.3160000000000003,7.288,-1.665,4.9830000000000005,vazia2,3
0.3330000000000002,7.257000000000001,-1.876,4.986,vazia2,3
0.3500000000000001,7.2250000000000005,-2.042,4.985,vazia2,3
0.3660000000000001,7.189,-2.175,4.989,vazia2,3
0.383,7.1530000000000005,-2.409,4.995,vazia2,3
0.40000000000000036,7.109,-2.598,4.9990000000000006,vazia2,3
0.4159999999999999,7.066,-2.619,5.001,vazia2,3
0.4330000000000003,7.021,-2.774,5.005,vazia2,3
0.4490000000000003,6.974,-2.908,5.007,vazia2,3
0.4660000000000002,6.924,-3.164,5.013,vazia2,3
0.4830000000000001,6.869,-3.152,5.015000000000001,vazia2,3
0.4990000000000001,6.819,-3.129,5.019,vazia2,3
0.516,6.764,-3.419,5.022,vazia2,3
0.5330000000000004,6.706,-3.696,5.025,vazia2,3
0.5489999999999999,6.641,-4.039,5.0280000000000005,vazia2,3
0.5660000000000003,6.571,-3.87,5.034,vazia2,3
0.5830000000000002,6.5120000000000005,-4.136,5.038,vazia2,3
0.5990000000000002,6.433,-4.468,5.043,vazia2,3
0.6160000000000001,6.363,-4.238,5.05,vazia2,3
0.633,6.292,-4.5,5.055,vazia2,3
0.649,6.214,-4.793,5.071,vazia2,3
0.6659999999999999,6.132,-4.751,5.069,vazia2,3
0.6830000000000003,6.055,-4.866,5.0760000000000005,vazia2,3
0.6990000000000003,5.970000000000001,-5.054,5.08,vazia2,3
0.7160000000000002,5.8870000000000005,-5.19,5.084,vazia2,3
0.7330000000000001,5.797000000000001,-5.326,5.091,vazia2,3
0.7490000000000001,5.71,-5.302,5.099,vazia2,3
0.766,5.621,-5.437,5.101,vazia2,3
0.7830000000000004,5.5280000000000005,-5.532,5.105,vazia2,3
0.7989999999999999,5.436,-5.824,5.111,vazia2,3
0.8160000000000003,5.334,-5.918,5.118,vazia2,3
0.8330000000000002,5.239000000000001,-6.016,5.125,vazia2,3
0.8490000000000002,5.134,-6.39,5.13,vazia2,3
0.8660000000000001,5.026,-6.155,5.136,vazia2,3
0.883,4.929,-6.004,5.14,vazia2,3
0.899,4.8260000000000005,-6.305,5.149,vazia2,3
0.9159999999999999,4.719,-6.354,5.159,vazia2,3
0.9330000000000003,4.615,-6.507,5.165,vazia2,3
0.9490000000000003,4.502000000000001,-6.716,5.173,vazia2,3
0.9660000000000002,4.391,-6.646,5.167,vazia2,3
0.9820000000000002,4.281000000000001,-6.512,5.179,vazia2,3
0.9990000000000001,4.174,-6.655,5.182,vazia2,3
1.016,4.059,-7.173,5.191,vazia2,3
1.032,3.935,-7.189,5.196,vazia2,3
1.049,3.8200000000000003,-7.265,5.199,vazia2,3
1.0660000000000003,3.693,-7.299,5.203,vazia2,3
1.0820000000000003,3.576,-7.043,5.214,vazia2,3
1.0990000000000002,3.458,-7.36,5.22,vazia2,3
1.116,3.3310000000000004,-7.379,5.224,vazia2,3
1.1320000000000001,3.213,-7.674,5.231,vazia2,3
1.149,3.0760000000000005,-7.711,5.238,vazia2,3
1.166,2.9560000000000004,-7.456,5.247,vazia2,3
1.182,2.827,-8.132,5.253,vazia2,3
1.1990000000000003,2.6850000000000005,-8.188,5.265,vazia2,3
1.2160000000000002,2.5550000000000006,-8.144,5.263,vazia2,3
1.2320000000000002,2.4140000000000006,-7.789,5.276,vazia2,3
1.249,2.295,-7.997,5.28,vazia2,3
1.266,2.1470000000000002,-8.42,5.291,vazia2,3
0.0,0.0,-0.182,0.0,vazia3,3
0.016,-0.002000000000000668,-0.226,-0.0010000000000000009,vazia3,3
0.033,-0.007000000000000561,-0.243,-0.0010000000000000009,vazia3,3
0.05,-0.010000000000000675,-0.305,0.0,vazia3,3
0.066,-0.017000000000000348,-0.434,0.0,vazia3,3
0.083,-0.025000000000000355,-0.472,0.0,vazia3,3
0.1,-0.03300000000000036,-0.526,0.0,vazia3,3
0.116,-0.0420000000000007,-0.526,0.001999999999999988,vazia3,3
0.133,-0.051000000000000156,-0.551,0.001999999999999988,vazia3,3
0.15000000000000002,-0.06099999999999994,-0.576,0.0049999999999999906,vazia3,3
0.16599999999999998,-0.07000000000000028,-0.627,0.007999999999999993,vazia3,3
0.183,-0.0810000000000004,-0.677,0.009999999999999995,vazia3,3
0.2,-0.09200000000000053,-0.576,0.015,vazia3,3
0.21600000000000003,-0.10099999999999998,-0.602,0.017999999999999988,vazia3,3
0.23299999999999998,-0.1120000000000001,-0.777,0.021999999999999992,vazia3,3
0.25,-0.12700000000000067,-0.827,0.026999999999999996,vazia3,3
0.26599999999999996,-0.14000000000000057,-0.727,0.03,vazia3,3
0.283,-0.1510000000000007,-0.677,0.031,vazia3,3
0.299,-0.16199999999999992,-0.752,0.03599999999999999,vazia3,3
0.316,-0.17600000000000016,-0.802,0.041999999999999996,vazia3,3
0.33299999999999996,-0.18900000000000006,-0.877,0.044,vazia3,3
0.349,-0.20500000000000007,-0.903,0.048,vazia3,3
0.366,-0.2190000000000003,-0.802,0.051000000000000004,vazia3,3
0.383,-0.2320000000000002,-0.777,0.05500000000000001,vazia3,3
0.39899999999999997,-0.2450000000000001,-0.802,0.05599999999999998,vazia3,3
0.416,-0.258,-0.82,0.05899999999999998,vazia3,3
0.433,-0.27200000000000024,-0.88,0.061999999999999986,vazia3,3
0.449,-0.28800000000000026,-1.029,0.061999999999999986,vazia3,3
0.46599999999999997,-0.3070000000000004,-1.1,0.06499999999999999,vazia3,3
0.483,-0.32399999999999984,-1.059,0.06599999999999999,vazia3,3
0.499,-0.3420000000000005,-0.921,0.06999999999999999,vazia3,3
0.516,-0.3550000000000004,-0.927,0.072,vazia3,3
0.533,-0.3730000000000002,-1.028,0.073,vazia3,3
0.5489999999999999,-0.38900000000000023,-1.103,0.074,vazia3,3
0.566,-0.41000000000000014,-1.009,0.074,vazia3,3
0.583,-0.42300000000000004,-0.777,0.074,vazia3,3
0.599,-0.4350000000000005,-0.802,0.074,vazia3,3
0.616,-0.4500000000000002,-0.884,0.074,vazia3,3
0.633,-0.46499999999999986,-0.99,0.075,vazia3,3
0.649,-0.48300000000000054,-0.82,0.075,vazia3,3
0.666,-0.492,-0.851,0.076,vazia3,3
0.6829999999999999,-0.5110000000000001,-1.028,0.074,vazia3,3
0.699,-0.5260000000000007,-0.991,0.075,vazia3,3
0.716,-0.5440000000000005,-1.078,0.075,vazia3,3
0.733,-0.5620000000000003,-1.103,0.075,vazia3,3
0.749,-0.5810000000000004,-1.103,0.075,vazia3,3
0.766,-0.5990000000000002,-1.003,0.075,vazia3,3
0.782,-0.6139999999999999,-1.002,0.076,vazia3,3
0.7989999999999999,-0.633,-1.052,0.078,vazia3,3
0.816,-0.649,-1.028,0.079,vazia3,3
0.832,-0.6670000000000007,-1.103,0.079,vazia3,3
0.849,-0.6859999999999999,-0.952,0.08,vazia3,3
0.866,-0.6980000000000004,-0.882,0.081,vazia3,3
0.882,-0.7149999999999999,-1.073,0.083,vazia3,3
0.899,-0.734,-1.073,0.085,vazia3,3
0.916,-0.7510000000000003,-0.982,0.08799999999999998,vazia3,3
0.9319999999999999,-0.7670000000000003,-0.948,0.08899999999999998,vazia3,3
0.949,-0.7830000000000004,-1.078,0.09199999999999998,vazia3,3
0.966,-0.8029999999999999,-1.099,0.09499999999999999,vazia3,3
0.982,-0.819,-1.024,0.09799999999999999,vazia3,3
0.999,-0.8370000000000006,-1.135,0.10099999999999999,vazia3,3
1.016,-0.8570000000000002,-1.135,0.102,vazia3,3
1.032,-0.875,-1.063,0.108,vazia3,3
1.0490000000000002,-0.8920000000000003,-1.028,0.112,vazia3,3
1.066,-0.9090000000000007,-1.135,0.115,vazia3,3
1.082,-0.9300000000000006,-1.205,0.11899999999999998,vazia3,3
1.0990000000000002,-0.9489999999999998,-0.958,0.127,vazia3,3
1.116,-0.9620000000000006,-0.957,0.129,vazia3,3
1.1320000000000001,-0.9809999999999999,-1.157,0.133,vazia3,3
1.149,-1.0010000000000003,-1.167,0.139,vazia3,3
1.1660000000000001,-1.0200000000000005,-1.041,0.14400000000000002,vazia3,3
1.1820000000000002,-1.0350000000000001,-1.003,0.14700000000000002,vazia3,3
1.199,-1.053,-1.062,0.15499999999999997,vazia3,3
1.2160000000000002,-1.0710000000000006,-0.915,0.16099999999999998,vazia3,3
1.2320000000000002,-1.0840000000000005,-0.955,0.16799999999999998,vazia3,3
1.249,-1.1030000000000006,-1.064,0.175,vazia3,3
1.266,-1.1190000000000007,-1.067,0.179,vazia3,3
1.282,-1.138,-1.079,0.187,vazia3,3
1.2990000000000002,-1.1550000000000002,-0.988,0.193,vazia3,3
1.3150000000000002,-1.1710000000000003,-1.084,0.20099999999999996,vazia3,3
1.332,-1.1910000000000007,-1.033,0.21099999999999997,vazia3,3
1.3490000000000002,-1.205,-0.957,0.21599999999999997,vazia3,3
1.365,-1.2229999999999999,-1.135,0.22399999999999998,vazia3,3
1.3820000000000001,-1.2430000000000003,-1.205,0.23199999999999998,vazia3,3
1.399,-1.263,-1.116,0.239,vazia3,3
1.415,-1.2800000000000002,-0.99,0.246,vazia3,3
1.4320000000000002,-1.2960000000000003,-0.976,0.253,vazia3,3
1.449,-1.3130000000000006,-1.209,0.25899999999999995,vazia3,3
1.465,-1.3370000000000006,-1.179,0.26599999999999996,vazia3,3
1.4820000000000002,-1.3520000000000003,-0.997,0.27399999999999997,vazia3,3
1.499,-1.37,-0.912,0.27999999999999997,vazia3,3
1.5150000000000001,-1.383,-0.917,0.288,vazia3,3
1.532,-1.4000000000000004,-1.018,0.294,vazia3,3
1.5490000000000002,-1.4170000000000007,-1.063,0.299,vazia3,3
1.5650000000000002,-1.436,-1.038,0.305,vazia3,3
1.582,-1.451,-1.064,0.311,vazia3,3
1.5990000000000002,-1.471,-1.217,0.316,vazia3,3
1.615,-1.4920000000000004,-1.066,0.32499999999999996,vazia3,3
1.6320000000000001,-1.5070000000000001,-1.028,0.32899999999999996,vazia3,3
1.649,-1.5260000000000002,-1.132,0.33499999999999996,vazia3,3
1.665,-1.5440000000000005,-1.088,0.34199999999999997,vazia3,3
1.6820000000000002,-1.5620000000000003,-1.123,0.348,vazia3,3
1.699,-1.5820000000000003,-1.018,0.352,vazia3,3
1.715,-1.596,-1.003,0.357,vazia3,3
1.7320000000000002,-1.6150000000000002,-1.203,0.36,vazia3,3
1.749,-1.6360000000000001,-1.103,0.366,vazia3,3
1.7650000000000001,-1.6520000000000001,-0.977,0.37,vazia3,3
1.782,-1.6690000000000005,-1.052,0.373,vazia3,3
1.7990000000000002,-1.6870000000000003,-1.128,0.378,vazia3,3
1.8150000000000002,-1.7060000000000004,-1.073,0.38,vazia3,3
1.832,-1.7230000000000003,-1.099,0.38499999999999995,vazia3,3
1.848,-1.7430000000000003,-1.099,0.38599999999999995,vazia3,3
1.865,-1.7590000000000003,-1.107,0.39199999999999996,vazia3,3
1.8820000000000001,-1.7800000000000002,-1.135,0.39399999999999996,vazia3,3
1.8980000000000001,-1.7970000000000002,-1.228,0.39499999999999996,vazia3,3
1.915,-1.8210000000000002,-1.306,0.39899999999999997,vazia3,3
1.9320000000000002,-1.8410000000000002,-1.178,0.40199999999999997,vazia3,3
1.9480000000000002,-1.8600000000000003,-1.203,0.40499999999999997,vazia3,3
1.965,-1.8810000000000002,-1.202,0.409,vazia3,3
1.9820000000000002,-1.9000000000000004,-1.143,0.411,vazia3,3
1.9980000000000002,-1.9190000000000005,-1.204,0.413,vazia3,3
2.015,-1.9400000000000004,-1.205,0.415,vazia3,3
2.032,-1.959,-1.203,0.418,vazia3,3
2.048,-1.9800000000000004,-1.241,0.421,vazia3,3
2.065,-2.0000000000000004,-1.178,0.424,vazia3,3
2.0820000000000003,-2.019,-1.323,0.424,vazia3,3
2.0980000000000003,-2.0440000000000005,-1.353,0.426,vazia3,3
2.115,-2.0640000000000005,-1.087,0.427,vazia3,3
2.132,-2.0810000000000004,-1.23,0.428,vazia3,3
2.148,-2.1050000000000004,-1.319,0.428,vazia3,3
2.165,-2.1250000000000004,-1.301,0.43,vazia3,3
2.182,-2.1490000000000005,-1.411,0.43,vazia3,3
2.198,-2.172,-1.252,0.431,vazia3,3
2.2150000000000003,-2.1900000000000004,-1.221,0.433,vazia3,3
2.232,-2.212,-1.33,0.432,vazia3,3
2.248,-2.2350000000000003,-1.261,0.432,vazia3,3
2.265,-2.2540000000000004,-1.258,0.433,vazia3,3
2.282,-2.277,-1.371,0.432,vazia3,3
2.298,-2.3000000000000003,-1.424,0.433,vazia3,3
2.315,-2.3240000000000003,-1.354,0.434,vazia3,3
2.3320000000000003,-2.345,-1.328,0.433,vazia3,3
2.3480000000000003,-2.3680000000000003,-1.303,0.434,vazia3,3
2.365,-2.3880000000000003,-1.253,0.434,vazia3,3
2.3810000000000002,-2.41,-1.362,0.435,vazia3,3
2.398,-2.434,-1.253,0.434,vazia3,3
2.415,-2.4520000000000004,-1.069,0.435,vazia3,3
2.431,-2.4690000000000003,-1.053,0.434,vazia3,3
2.448,-2.487,-1.103,0.434,vazia3,3
2.4650000000000003,-2.5060000000000002,-1.134,0.435,vazia3,3
2.4810000000000003,-2.5250000000000004,-1.228,0.435,vazia3,3
2.498,-2.547,-1.322,0.433,vazia3,3
2.515,-2.5690000000000004,-1.244,0.434,vazia3,3
2.531,-2.588,-1.195,0.432,vazia3,3
2.548,-2.6090000000000004,-1.241,0.432,vazia3,3
2.565,-2.6300000000000003,-1.261,0.431,vazia3,3
2.581,-2.6510000000000002,-1.174,0.43,vazia3,3
2.5980000000000003,-2.6690000000000005,-1.128,0.429,vazia3,3
2.615,-2.688,-1.178,0.429,vazia3,3
2.6310000000000002,-2.708,-0.978,0.429,vazia3,3
2.648,-2.721,-1.003,0.429,vazia3,3
2.665,-2.7420000000000004,-1.313,0.426,vazia3,3
2.681,-2.7640000000000002,-1.253,0.427,vazia3,3
2.698,-2.7830000000000004,-1.143,0.427,vazia3,3
2.7150000000000003,-2.8030000000000004,-1.153,0.426,vazia3,3
2.7310000000000003,-2.822,-1.178,0.424,vazia3,3
2.748,-2.842,-1.128,0.424,vazia3,3
2.765,-2.8590000000000004,-1.102,0.423,vazia3,3
2.781,-2.8790000000000004,-1.028,0.422,vazia3,3
2.798,-2.894,-1.078,0.422,vazia3,3
2.815,-2.914,-1.153,0.42,vazia3,3
2.831,-2.9320000000000004,-1.103,0.419,vazia3,3
2.8480000000000003,-2.951,-1.228,0.417,vazia3,3
2.865,-2.9730000000000003,-1.203,0.417,vazia3,3
2.8810000000000002,-2.991,-1.027,0.416,vazia3,3
2.898,-3.007,-1.003,0.414,vazia3,3
2.914,-3.0250000000000004,-1.053,0.414,vazia3,3
2.931,-3.0420000000000003,-1.195,0.409,vazia3,3
2.948,-3.0640000000000005,-1.278,0.411,vazia3,3
2.964,-3.0850000000000004,-1.06,0.40499999999999997,vazia3,3
2.9810000000000003,-3.1,-0.915,0.40399999999999997,vazia3,3
2.998,-3.115,-0.952,0.40199999999999997,vazia3,3
3.0140000000000002,-3.132,-1.099,0.39899999999999997,vazia3,3
3.031,-3.152,-1.228,0.39799999999999996,vazia3,3
3.048,-3.172,-1.069,0.39399999999999996,vazia3,3
3.064,-3.1870000000000003,-1.053,0.38999999999999996,vazia3,3
3.081,-3.2070000000000003,-1.153,0.38699999999999996,vazia3,3
3.0980000000000003,-3.2260000000000004,-1.131,0.383,vazia3,3
3.114,-3.245,-1.103,0.379,vazia3,3
3.1310000000000002,-3.2630000000000003,-1.025,0.374,vazia3,3
3.148,-3.2790000000000004,-1.028,0.367,vazia3,3
3.164,-3.297,-1.077,0.363,vazia3,3
3.181,-3.3150000000000004,-1.103,0.357,vazia3,3
3.198,-3.334,-1.078,0.353,vazia3,3
3.214,-3.3510000000000004,-1.14,0.348,vazia3,3
3.2310000000000003,-3.3720000000000003,-1.153,0.344,vazia3,3
3.248,-3.39,-1.099,0.33899999999999997,vazia3,3
3.2640000000000002,-3.4080000000000004,-1.128,0.33399999999999996,vazia3,3
3.281,-3.4270000000000005,-1.099,0.32799999999999996,vazia3,3
3.298,-3.4450000000000003,-1.128,0.32199999999999995,vazia3,3
3.314,-3.4650000000000003,-1.124,0.315,vazia3,3
3.331,-3.482,-1.069,0.312,vazia3,3
3.3480000000000003,-3.5,-0.968,0.308,vazia3,3
3.364,-3.5140000000000002,-1.061,0.303,vazia3,3
3.3810000000000002,-3.5360000000000005,-1.187,0.296,vazia3,3
3.3970000000000002,-3.5540000000000003,-1.103,0.291,vazia3,3
3.414,-3.572,-1.203,0.285,vazia3,3
3.431,-3.5940000000000003,-1.053,0.28099999999999997,vazia3,3
3.447,-3.607,-0.927,0.27699999999999997,vazia3,3
3.464,-3.625,-1.078,0.27199999999999996,vazia3,3
3.4810000000000003,-3.6430000000000002,-1.103,0.26699999999999996,vazia3,3
3.497,-3.6620000000000004,-0.988,0.26199999999999996,vazia3,3
3.5140000000000002,-3.676,-1.11,0.25899999999999995,vazia3,3
3.531,-3.6990000000000003,-1.218,0.253,vazia3,3
3.547,-3.7170000000000005,-1.021,0.249,vazia3,3
3.564,-3.7330000000000005,-1.027,0.247,vazia3,3
3.581,-3.7510000000000003,-1.036,0.242,vazia3,3
3.597,-3.7670000000000003,-1.052,0.242,vazia3,3
3.614,-3.7860000000000005,-1.135,0.237,vazia3,3
3.6310000000000002,-3.8050000000000006,-1.103,0.23099999999999998,vazia3,3
3.6470000000000002,-3.8230000000000004,-1.099,0.23099999999999998,vazia3,3
3.664,-3.8420000000000005,-1.059,0.22999999999999998,vazia3,3
3.681,-3.8580000000000005,-0.957,0.22599999999999998,vazia3,3
3.697,-3.873,-1.099,0.22399999999999998,vazia3,3
3.714,-3.8950000000000005,-1.276,0.21999999999999997,vazia3,3
3.7310000000000003,-3.9160000000000004,-1.064,0.22199999999999998,vazia3,3
3.747,-3.9300000000000006,-1.013,0.22199999999999998,vazia3,3
3.7640000000000002,-3.95,-1.17,0.22099999999999997,vazia3,3
3.781,-3.9690000000000003,-1.114,0.21899999999999997,vazia3,3
3.797,-3.987,-1.205,0.21999999999999997,vazia3,3
3.814,-4.009,-1.099,0.21899999999999997,vazia3,3
3.831,-4.023000000000001,-0.993,0.21999999999999997,vazia3,3
3.847,-4.042,-1.276,0.22199999999999998,vazia3,3
3.864,-4.066000000000001,-1.17,0.22399999999999998,vazia3,3
3.8810000000000002,-4.081,-0.972,0.22899999999999998,vazia3,3
3.8970000000000002,-4.098000000000001,-1.087,0.22899999999999998,vazia3,3
3.914,-4.118,-1.203,0.23199999999999998,vazia3,3
3.93,-4.138,-1.146,0.236,vazia3,3
3.947,-4.156000000000001,-1.078,0.239,vazia3,3
3.964,-4.174,-1.085,0.241,vazia3,3
3.98,-4.192,-1.078,0.246,vazia3,3
3.9970000000000003,-4.21,-1.184,0.249,vazia3,3
4.013999999999999,-4.231,-1.271,0.255,vazia3,3
4.029999999999999,-4.253,-1.046,0.26099999999999995,vazia3,3
4.047,-4.266,-1.01,0.26399999999999996,vazia3,3
4.064,-4.2860000000000005,-1.078,0.26999999999999996,vazia3,3
4.08,-4.3020000000000005,-1.078,0.27599999999999997,vazia3,3
4.0969999999999995,-4.322,-1.178,0.282,vazia3,3
4.114,-4.341,-1.139,0.287,vazia3,3
4.13,-4.36,-1.077,0.294,vazia3,3
4.146999999999999,-4.377000000000001,-0.886,0.299,vazia3,3
4.164,-4.390000000000001,-0.974,0.304,vazia3,3
4.18,-4.41,-1.099,0.309,vazia3,3
4.197,-4.426,-1.064,0.314,vazia3,3
4.2139999999999995,-4.445,-1.161,0.32,vazia3,3
4.2299999999999995,-4.465,-1.096,0.32499999999999996,vazia3,3
4.247,-4.482,-1.037,0.33099999999999996,vazia3,3
4.263999999999999,-4.4990000000000006,-1.077,0.33599999999999997,vazia3,3
4.279999999999999,-4.518000000000001,-1.099,0.33999999999999997,vazia3,3
4.297,-4.5360000000000005,-1.278,0.346,vazia3,3
4.314,-4.5600000000000005,-1.248,0.351,vazia3,3
4.33,-4.578,-1.053,0.353,vazia3,3
4.3469999999999995,-4.595000000000001,-1.053,0.359,vazia3,3
4.364,-4.613,-1.203,0.364,vazia3,3
4.38,-4.635,-1.228,0.368,vazia3,3
4.396999999999999,-4.654,-1.171,0.373,vazia3,3
4.414,-4.674,-1.187,0.379,vazia3,3
4.43,-4.6930000000000005,-1.028,0.381,vazia3,3
4.447,-4.708,-1.099,0.38699999999999996,vazia3,3
4.463,-4.73,-1.312,0.38899999999999996,vazia3,3
4.4799999999999995,-4.752000000000001,-1.223,0.39499999999999996,vazia3,3
4.497,-4.771,-1.201,0.39899999999999997,vazia3,3
4.513,-4.792,-1.102,0.40199999999999997,vazia3,3
4.529999999999999,-4.807,-1.103,0.40599999999999997,vazia3,3
4.547,-4.829000000000001,-1.326,0.408,vazia3,3
4.563,-4.851,-1.253,0.414,vazia3,3
4.58,-4.871,-1.256,0.417,vazia3,3
4.5969999999999995,-4.893000000000001,-1.228,0.42,vazia3,3
4.6129999999999995,-4.912,-1.119,0.424,vazia3,3
4.63,-4.931,-1.178,0.427,vazia3,3
4.646999999999999,-4.9510000000000005,-1.312,0.428,vazia3,3
4.662999999999999,-4.974,-1.34,0.433,vazia3,3
4.68,-4.995,-1.128,0.435,vazia3,3
4.697,-5.0120000000000005,-1.091,0.437,vazia3,3
4.713,-5.032,-1.253,0.44,vazia3,3
4.7299999999999995,-5.054,-1.178,0.443,vazia3,3
4.747,-5.071000000000001,-1.203,0.445,vazia3,3
4.763,-5.094,-1.278,0.449,vazia3,3
4.779999999999999,-5.114,-1.128,0.452,vazia3,3
4.797,-5.131,-1.153,0.454,vazia3,3
4.813,-5.152,-1.103,0.456,vazia3,3
4.83,-5.168,-0.977,0.458,vazia3,3
4.8469999999999995,-5.1850000000000005,-1.278,0.461,vazia3,3
4.8629999999999995,-5.211,-1.304,0.465,vazia3,3
4.88,-5.228000000000001,-1.153,0.466,vazia3,3
4.896999999999999,-5.2490000000000006,-1.178,0.47000000000000003,vazia3,3
4.912999999999999,-5.267,-1.178,0.47300000000000003,vazia3,3
4.93,-5.288,-1.279,0.47500000000000003,vazia3,3
4.947,-5.3100000000000005,-1.128,0.47700000000000004,vazia3,3
4.963,-5.3260000000000005,-1.077,0.4799999999999999,vazia3,3
4.9799999999999995,-5.346,-1.103,0.48199999999999993,vazia3,3
4.9959999999999996,-5.362,-1.003,0.48299999999999993,vazia3,3
5.013,-5.3790000000000004,-1.178,0.48499999999999993,vazia3,3
5.029999999999999,-5.402,-1.228,0.48799999999999993,vazia3,3
5.045999999999999,-5.42,-1.153,0.48999999999999994,vazia3,3
5.063,-5.44,-1.103,0.49299999999999994,vazia3,3
5.08,-5.457,-0.978,0.49399999999999994,vazia3,3
5.096,-5.473,-0.877,0.49699999999999994,vazia3,3
5.1129999999999995,-5.486000000000001,-1.003,0.49799999999999994,vazia3,3
5.13,-5.506,-1.052,0.49899999999999994,vazia3,3
5.146,-5.521,-1.077,0.49699999999999994,vazia3,3
5.162999999999999,-5.542000000000001,-1.003,0.49599999999999994,vazia3,3
5.18,-5.555000000000001,-0.927,0.49699999999999994,vazia3,3
5.196,-5.573,-1.052,0.49599999999999994,vazia3,3
5.213,-5.59,-0.962,0.49599999999999994,vazia3,3
5.2299999999999995,-5.605,-0.674,0.49599999999999994,vazia3,3
0.0,0.0,-0.221,0.0,vazia4,3
0.016,-0.004000000000000448,-0.255,0.0010000000000000009,vazia4,3
0.033,-0.009000000000000341,-0.402,0.0020000000000000018,vazia4,3
0.05,-0.017000000000000348,-0.538,-0.0010000000000000009,vazia4,3
0.066,-0.027000000000000135,-0.651,0.0,vazia4,3
0.083,-0.03900000000000059,-0.679,-0.0010000000000000009,vazia4,3
0.1,-0.04900000000000038,-0.61,-0.0020000000000000018,vazia4,3
0.116,-0.05900000000000016,-0.568,-0.0020000000000000018,vazia4,3
0.133,-0.0680000000000005,-0.539,-0.0020000000000000018,vazia4,3
0.15000000000000002,-0.07699999999999996,-0.674,-0.0020000000000000018,vazia4,3
0.16599999999999998,-0.09100000000000019,-0.577,-0.0020000000000000018,vazia4,3
0.183,-0.09700000000000042,-0.512,-0.0030000000000000027,vazia4,3
0.2,-0.10800000000000054,-0.707,-0.0030000000000000027,vazia4,3
0.21600000000000003,-0.1200000000000001,-0.707,-0.0030000000000000027,vazia4,3
0.23299999999999998,-0.13100000000000023,-0.602,-0.0030000000000000027,vazia4,3
0.249,-0.14000000000000057,-0.577,-0.0020000000000000018,vazia4,3
0.26599999999999996,-0.1510000000000007,-0.756,-0.0020000000000000018,vazia4,3
0.283,-0.16500000000000004,-0.923,-0.0010000000000000009,vazia4,3
0.299,-0.18100000000000005,-0.849,0.0,vazia4,3
0.316,-0.19399999999999995,-0.849,0.0010000000000000009,vazia4,3
0.33299999999999996,-0.20999999999999996,-0.99,0.0020000000000000018,vazia4,3
0.349,-0.2270000000000003,-1.058,0.0030000000000000027,vazia4,3
0.366,-0.2450000000000001,-1.132,0.0040000000000000036,vazia4,3
0.383,-0.26400000000000023,-1.123,0.0040000000000000036,vazia4,3
0.39899999999999997,-0.28200000000000003,-1.132,0.0050000000000000044,vazia4,3
0.416,-0.3020000000000005,-1.303,0.0050000000000000044,vazia4,3
0.433,-0.3260000000000005,-1.302,0.008000000000000007,vazia4,3
0.449,-0.34500000000000064,-1.129,0.007000000000000006,vazia4,3
0.46599999999999997,-0.36300000000000043,-1.245,0.006000000000000005,vazia4,3
0.483,-0.38700000000000045,-1.342,0.0050000000000000044,vazia4,3
0.499,-0.40800000000000036,-1.189,0.0040000000000000036,vazia4,3
0.516,-0.42600000000000016,-1.261,0.0030000000000000027,vazia4,3
0.533,-0.4500000000000002,-1.273,0.0,vazia4,3
0.5489999999999999,-0.4690000000000003,-1.16,-0.0030000000000000027,vazia4,3
0.566,-0.4889999999999999,-1.16,-0.006000000000000005,vazia4,3
0.583,-0.508,-1.132,-0.008000000000000007,vazia4,3
0.599,-0.5260000000000007,-1.245,-0.011999999999999983,vazia4,3
0.616,-0.5490000000000004,-1.245,-0.015999999999999986,vazia4,3
0.633,-0.5680000000000005,-1.245,-0.022999999999999993,vazia4,3
0.649,-0.5899999999999999,-1.273,-0.025999999999999995,vazia4,3
0.666,-0.6100000000000003,-1.126,-0.031,vazia4,3
0.6829999999999999,-0.6280000000000001,-1.104,-0.03499999999999999,vazia4,3
0.699,-0.6470000000000002,-1.195,-0.040999999999999995,vazia4,3
0.716,-0.6680000000000001,-1.18,-0.046,vazia4,3
0.733,-0.6859999999999999,-1.096,-0.05,vazia4,3
0.749,-0.7040000000000006,-1.112,-0.05499999999999999,vazia4,3
0.766,-0.7229999999999999,-1.123,-0.061,vazia4,3
0.782,-0.742,-1.132,-0.06699999999999999,vazia4,3
0.7989999999999999,-0.7610000000000001,-1.119,-0.073,vazia4,3
0.816,-0.7789999999999999,-1.187,-0.077,vazia4,3
0.833,-0.8010000000000002,-1.133,-0.08199999999999999,vazia4,3
0.849,-0.8170000000000002,-1.02,-0.086,vazia4,3
0.866,-0.835,-1.047,-0.091,vazia4,3
0.882,-0.8520000000000003,-1.047,-0.094,vazia4,3
0.899,-0.8700000000000001,-1.104,-0.096,vazia4,3
0.916,-0.8879999999999999,-1.104,-0.101,vazia4,3
0.9319999999999999,-0.9060000000000006,-1.075,-0.103,vazia4,3
0.949,-0.9240000000000004,-1.08,-0.105,vazia4,3
0.966,-0.9420000000000002,-1.081,-0.109,vazia4,3
0.982,-0.96,-0.986,-0.10999999999999999,vazia4,3
0.999,-0.9750000000000005,-1.041,-0.11099999999999999,vazia4,3
1.016,-0.9950000000000001,-1.076,-0.11199999999999999,vazia4,3
1.032,-1.0110000000000001,-1.104,-0.11399999999999999,vazia4,3
1.0490000000000002,-1.032,-1.245,-0.11399999999999999,vazia4,3
1.066,-1.0520000000000005,-1.217,-0.11499999999999999,vazia4,3
1.082,-1.072,-1.217,-0.11399999999999999,vazia4,3
1.0990000000000002,-1.093,-1.16,-0.11499999999999999,vazia4,3
1.116,-1.1110000000000007,-1.132,-0.11499999999999999,vazia4,3
1.1320000000000001,-1.1310000000000002,-1.16,-0.11599999999999999,vazia4,3
1.149,-1.149,-1.104,-0.11399999999999999,vazia4,3
1.1660000000000001,-1.1670000000000007,-1.16,-0.11399999999999999,vazia4,3
1.1820000000000002,-1.1880000000000006,-1.273,-0.11399999999999999,vazia4,3
1.199,-1.21,-1.273,-0.11099999999999999,vazia4,3
1.2160000000000002,-1.2309999999999999,-1.245,-0.109,vazia4,3
1.2320000000000002,-1.2510000000000003,-1.245,-0.107,vazia4,3
1.249,-1.2720000000000002,-1.33,-0.106,vazia4,3
1.266,-1.2960000000000003,-1.302,-0.104,vazia4,3
1.282,-1.3150000000000004,-1.207,-0.102,vazia4,3
1.2990000000000002,-1.3360000000000003,-1.196,-0.095,vazia4,3
1.3150000000000002,-1.3550000000000004,-1.438,-0.094,vazia4,3
1.332,-1.3840000000000003,-1.482,-0.089,vazia4,3
1.3490000000000002,-1.4050000000000002,-1.459,-0.08499999999999999,vazia4,3
1.365,-1.4320000000000004,-1.393,-0.081,vazia4,3
1.3820000000000001,-1.451,-1.301,-0.074,vazia4,3
1.399,-1.4760000000000004,-1.362,-0.06899999999999999,vazia4,3
1.415,-1.4960000000000004,-1.359,-0.065,vazia4,3
1.4320000000000002,-1.5210000000000004,-1.424,-0.056999999999999995,vazia4,3
1.449,-1.5440000000000005,-1.358,-0.05299999999999999,vazia4,3
1.465,-1.5660000000000003,-1.303,-0.048,vazia4,3
1.4820000000000002,-1.5870000000000002,-1.531,-0.040999999999999995,vazia4,3
1.499,-1.6170000000000004,-1.405,-0.03699999999999999,vazia4,3
1.5150000000000001,-1.6340000000000003,-1.129,-0.033,vazia4,3
1.532,-1.6550000000000002,-1.216,-0.028999999999999998,vazia4,3
1.5490000000000002,-1.6750000000000003,-1.302,-0.023999999999999994,vazia4,3
1.5650000000000002,-1.6980000000000004,-1.274,-0.021999999999999992,vazia4,3
1.582,-1.717,-1.207,-0.01999999999999999,vazia4,3
1.5990000000000002,-1.7380000000000004,-1.273,-0.015999999999999986,vazia4,3
1.615,-1.7590000000000003,-1.226,-0.014999999999999986,vazia4,3
1.6320000000000001,-1.7790000000000004,-1.302,-0.011999999999999983,vazia4,3
1.649,-1.8030000000000004,-1.358,-0.01100000000000001,vazia4,3
1.665,-1.8240000000000003,-1.33,-0.007000000000000006,vazia4,3
1.6820000000000002,-1.8470000000000004,-1.33,-0.0050000000000000044,vazia4,3
1.699,-1.8690000000000002,-1.358,-0.0020000000000000018,vazia4,3
1.715,-1.8920000000000003,-1.342,0.0,vazia4,3
1.7320000000000002,-1.9130000000000003,-1.302,0.0040000000000000036,vazia4,3
1.749,-1.9360000000000004,-1.302,0.0040000000000000036,vazia4,3
1.7650000000000001,-1.9570000000000003,-1.415,0.008000000000000007,vazia4,3
1.782,-1.983,-1.348,0.010000000000000009,vazia4,3
1.7990000000000002,-2.0020000000000002,-1.241,0.013000000000000012,vazia4,3
1.8150000000000002,-2.0240000000000005,-1.438,0.014000000000000012,vazia4,3
1.832,-2.0500000000000003,-1.417,0.017000000000000015,vazia4,3
1.8490000000000002,-2.071,-1.419,0.019000000000000017,vazia4,3
1.865,-2.0970000000000004,-1.388,0.02099999999999999,vazia4,3
1.8820000000000001,-2.1180000000000003,-1.367,0.022999999999999993,vazia4,3
1.8980000000000001,-2.1420000000000003,-1.373,0.025999999999999995,vazia4,3
1.915,-2.1630000000000003,-1.213,0.025999999999999995,vazia4,3
1.9320000000000002,-2.1830000000000003,-1.168,0.028999999999999998,vazia4,3
1.9480000000000002,-2.2020000000000004,-1.348,0.028999999999999998,vazia4,3
1.965,-2.228,-1.364,0.034,vazia4,3
1.9820000000000002,-2.248,-1.336,0.035,vazia4,3
1.9980000000000002,-2.2720000000000002,-1.415,0.036000000000000004,vazia4,3
2.015,-2.2950000000000004,-1.302,0.038000000000000006,vazia4,3
2.032,-2.3160000000000003,-1.245,0.04000000000000001,vazia4,3
2.048,-2.3360000000000003,-1.315,0.04400000000000001,vazia4,3
2.065,-2.3590000000000004,-1.387,0.05000000000000002,vazia4,3
2.0820000000000003,-2.382,-1.402,0.05299999999999999,vazia4,3
2.0980000000000003,-2.406,-1.358,0.055999999999999994,vazia4,3
2.115,-2.4280000000000004,-1.33,0.059,vazia4,3
2.132,-2.45,-1.415,0.063,vazia4,3
2.148,-2.475,-1.358,0.068,vazia4,3
2.165,-2.4960000000000004,-1.217,0.07,vazia4,3
2.182,-2.515,-1.33,0.07500000000000001,vazia4,3
2.198,-2.5400000000000005,-1.415,0.08100000000000002,vazia4,3
2.2150000000000003,-2.563,-1.443,0.08499999999999999,vazia4,3
2.232,-2.588,-1.358,0.089,vazia4,3
2.248,-2.608,-1.245,0.095,vazia4,3
2.265,-2.6290000000000004,-1.415,0.1,vazia4,3
2.282,-2.6550000000000002,-1.5,0.10500000000000001,vazia4,3
2.298,-2.6790000000000003,-1.556,0.10900000000000001,vazia4,3
2.315,-2.7070000000000003,-1.443,0.11600000000000002,vazia4,3
2.3320000000000003,-2.7270000000000003,-1.472,0.12300000000000003,vazia4,3
2.3480000000000003,-2.7560000000000002,-1.617,0.12800000000000003,vazia4,3
2.365,-2.781,-1.487,0.13499999999999998,vazia4,3
2.3810000000000002,-2.805,-1.393,0.141,vazia4,3
2.398,-2.8280000000000003,-1.541,0.146,vazia4,3
2.415,-2.857,-1.49,0.152,vazia4,3
2.431,-2.8770000000000002,-1.472,0.157,vazia4,3
2.448,-2.906,-1.472,0.165,vazia4,3
2.4650000000000003,-2.926,-1.415,0.169,vazia4,3
2.4810000000000003,-2.9530000000000003,-1.531,0.17500000000000002,vazia4,3
2.498,-2.9770000000000003,-1.412,0.18300000000000002,vazia4,3
2.515,-3.0000000000000004,-1.526,0.18600000000000003,vazia4,3
2.531,-3.0280000000000005,-1.587,0.19299999999999998,vazia4,3
2.548,-3.0530000000000004,-1.35,0.20199999999999999,vazia4,3
2.565,-3.0730000000000004,-1.472,0.206,vazia4,3
2.581,-3.1020000000000003,-1.621,0.213,vazia4,3
2.5980000000000003,-3.1270000000000002,-1.5,0.219,vazia4,3
2.615,-3.152,-1.387,0.226,vazia4,3
2.6310000000000002,-3.1730000000000005,-1.443,0.232,vazia4,3
2.648,-3.2,-1.472,0.23600000000000002,vazia4,3
2.665,-3.2220000000000004,-1.443,0.24300000000000002,vazia4,3
2.681,-3.248,-1.449,0.24900000000000003,vazia4,3
2.698,-3.2710000000000004,-1.449,0.255,vazia4,3
2.7150000000000003,-3.2960000000000003,-1.55,0.26,vazia4,3
2.7310000000000003,-3.322,-1.465,0.263,vazia4,3
2.748,-3.345,-1.414,0.268,vazia4,3
2.765,-3.369,-1.444,0.273,vazia4,3
2.781,-3.3930000000000002,-1.472,0.279,vazia4,3
2.798,-3.418,-1.494,0.28300000000000003,vazia4,3
2.815,-3.4430000000000005,-1.387,0.28800000000000003,vazia4,3
2.831,-3.4650000000000003,-1.392,0.29100000000000004,vazia4,3
2.8480000000000003,-3.4890000000000003,-1.41,0.29600000000000004,vazia4,3
2.864,-3.5120000000000005,-1.302,0.30000000000000004,vazia4,3
2.8810000000000002,-3.5330000000000004,-1.364,0.30400000000000005,vazia4,3
2.898,-3.5570000000000004,-1.5,0.30800000000000005,vazia4,3
2.914,-3.5820000000000003,-1.528,0.31400000000000006,vazia4,3
2.931,-3.6080000000000005,-1.472,0.31500000000000006,vazia4,3
2.948,-3.6320000000000006,-1.414,0.32099999999999995,vazia4,3
2.964,-3.6550000000000002,-1.387,0.32299999999999995,vazia4,3
2.9810000000000003,-3.6780000000000004,-1.302,0.32799999999999996,vazia4,3
2.998,-3.6980000000000004,-1.301,0.33299999999999996,vazia4,3
3.0140000000000002,-3.721,-1.358,0.33399999999999996,vazia4,3
3.031,-3.744,-1.415,0.33999999999999997,vazia4,3
3.048,-3.7680000000000002,-1.434,0.344,vazia4,3
3.064,-3.7910000000000004,-1.301,0.346,vazia4,3
3.081,-3.8120000000000003,-1.396,0.351,vazia4,3
3.0980000000000003,-3.838,-1.418,0.355,vazia4,3
3.114,-3.859,-1.189,0.361,vazia4,3
3.1310000000000002,-3.878,-1.123,0.364,vazia4,3
3.148,-3.8960000000000004,-1.33,0.364,vazia4,3
3.164,-3.9220000000000006,-1.279,0.371,vazia4,3
3.181,-3.939,-1.302,0.374,vazia4,3
3.198,-3.9650000000000003,-1.415,0.379,vazia4,3
3.214,-3.986,-1.33,0.381,vazia4,3
3.2310000000000003,-4.01,-1.259,0.384,vazia4,3
3.248,-4.0280000000000005,-1.33,0.387,vazia4,3
3.2640000000000002,-4.054,-1.401,0.389,vazia4,3
3.281,-4.075,-1.217,0.393,vazia4,3
3.298,-4.094,-1.217,0.393,vazia4,3
3.314,-4.115,-1.188,0.394,vazia4,3
3.331,-4.134,-1.188,0.395,vazia4,3
3.3480000000000003,-4.155,-1.33,0.394,vazia4,3
3.364,-4.178000000000001,-1.217,0.395,vazia4,3
3.3810000000000002,-4.195,-1.16,0.393,vazia4,3
3.3970000000000002,-4.2170000000000005,-1.188,0.393,vazia4,3
3.414,-4.235,-1.104,0.391,vazia4,3
3.431,-4.2540000000000004,-1.104,0.39,vazia4,3
3.447,-4.272,-1.273,0.388,vazia4,3
3.464,-4.296,-1.245,0.386,vazia4,3
3.4810000000000003,-4.313000000000001,-1.132,0.384,vazia4,3
3.497,-4.3340000000000005,-1.245,0.381,vazia4,3
3.5140000000000002,-4.355,-1.302,0.379,vazia4,3
3.531,-4.377000000000001,-1.245,0.376,vazia4,3
3.547,-4.396000000000001,-1.217,0.373,vazia4,3
3.564,-4.418,-1.189,0.369,vazia4,3
3.581,-4.436,-1.16,0.366,vazia4,3
3.597,-4.456,-1.302,0.364,vazia4,3
3.614,-4.479,-1.217,0.359,vazia4,3
3.6310000000000002,-4.497,-1.193,0.356,vazia4,3
3.6470000000000002,-4.519,-1.132,0.352,vazia4,3
3.664,-4.535,-1.168,0.347,vazia4,3
3.681,-4.558,-1.41,0.34199999999999997,vazia4,3
3.697,-4.582000000000001,-1.213,0.33699999999999997,vazia4,3
3.714,-4.598000000000001,-1.051,0.33599999999999997,vazia4,3
3.7310000000000003,-4.617,-1.208,0.33299999999999996,vazia4,3
3.747,-4.638,-1.374,0.32799999999999996,vazia4,3
3.7640000000000002,-4.662,-1.273,0.32099999999999995,vazia4,3
3.781,-4.681,-1.116,0.31899999999999995,vazia4,3
3.797,-4.7,-1.247,0.31699999999999995,vazia4,3
3.814,-4.722,-1.085,0.31300000000000006,vazia4,3
3.831,-4.736000000000001,-0.898,0.30900000000000005,vazia4,3
3.847,-4.752000000000001,-1.207,0.30400000000000005,vazia4,3
3.864,-4.776,-1.168,0.30300000000000005,vazia4,3
3.8810000000000002,-4.791,-1.104,0.29800000000000004,vazia4,3
3.8970000000000002,-4.813000000000001,-1.271,0.29800000000000004,vazia4,3
3.914,-4.833,-1.104,0.29600000000000004,vazia4,3
3.93,-4.849,-0.885,0.29400000000000004,vazia4,3
3.947,-4.863,-0.962,0.29100000000000004,vazia4,3
3.964,-4.881,-1.123,0.29000000000000004,vazia4,3
3.98,-4.9,-1.019,0.28900000000000003,vazia4,3
3.9970000000000003,-4.915,-0.907,0.28800000000000003,vazia4,3
4.013999999999999,-4.930000000000001,-0.99,0.28500000000000003,vazia4,3
4.029999999999999,-4.948,-0.98,0.28500000000000003,vazia4,3
4.047,-4.963,-0.934,0.28300000000000003,vazia4,3
4.064,-4.98,-0.972,0.28300000000000003,vazia4,3
4.08,-4.996,-0.82,0.28300000000000003,vazia4,3
4.0969999999999995,-5.007000000000001,-0.905,0.28400000000000003,vazia4,3
4.114,-5.026000000000001,-0.935,0.28400000000000003,vazia4,3
4.13,-5.038,-0.997,0.28200000000000003,vazia4,3
4.146999999999999,-5.059,-1.075,0.28200000000000003,vazia4,3
4.164,-5.074,-0.814,0.28400000000000003,vazia4,3
4.18,-5.086,-0.857,0.28400000000000003,vazia4,3
4.197,-5.102,-0.893,0.28500000000000003,vazia4,3
4.2139999999999995,-5.1160000000000005,-0.809,0.28300000000000003,vazia4,3
4.2299999999999995,-5.1290000000000004,-0.943,0.28200000000000003,vazia4,3
4.247,-5.147,-0.966,0.28600000000000003,vazia4,3
4.263999999999999,-5.1610000000000005,-0.71,0.28500000000000003,vazia4,3
4.279999999999999,-5.171,-0.792,0.28400000000000003,vazia4,3
4.297,-5.188000000000001,-0.934,0.28500000000000003,vazia4,3
4.314,-5.202,-0.792,0.28400000000000003,vazia4,3
4.33,-5.214,-0.821,0.28400000000000003,vazia4,3
4.3469999999999995,-5.229,-0.877,0.28400000000000003,vazia4,3
4.364,-5.243,-0.878,0.28400000000000003,vazia4,3
4.38,-5.259,-0.905,0.28200000000000003,vazia4,3
4.396999999999999,-5.274,-0.849,0.28200000000000003,vazia4,3
4.414,-5.287,-0.792,0.281,vazia4,3
4.43,-5.300000000000001,-1.075,0.28,vazia4,3
4.447,-5.323,-1.047,0.278,vazia4,3
4.463,-5.335,-0.99,0.278,vazia4,3
4.4799999999999995,-5.356,-1.16,0.278,vazia4,3
4.497,-5.3740000000000006,-1.047,0.278,vazia4,3
4.513,-5.391,-1.075,0.278,vazia4,3
4.529999999999999,-5.409000000000001,-1.075,0.278,vazia4,3
4.547,-5.426,-1.104,0.279,vazia4,3
4.563,-5.446000000000001,-1.217,0.279,vazia4,3
4.58,-5.4670000000000005,-0.934,0.278,vazia4,3
0.0,0.0,-0.229,0.0,vazia5,3
0.016,-0.0039999999999995595,-0.163,0.0010000000000000009,vazia5,3
0.033,-0.006000000000000227,-0.154,0.0020000000000000018,vazia5,3
0.05,-0.009000000000000341,-0.322,0.0040000000000000036,vazia5,3
0.066,-0.016000000000000014,-0.453,0.0040000000000000036,vazia5,3
0.083,-0.02400000000000002,-0.587,0.006000000000000005,vazia5,3
0.1,-0.03599999999999959,-0.821,0.008000000000000007,vazia5,3
0.116,-0.051000000000000156,-0.826,0.009000000000000008,vazia5,3
0.133,-0.06400000000000006,-0.785,0.01200000000000001,vazia5,3
0.15000000000000002,-0.07699999999999996,-0.855,0.014000000000000012,vazia5,3
0.16599999999999998,-0.09199999999999964,-0.739,0.014000000000000012,vazia5,3
0.183,-0.10200000000000031,-0.587,0.017000000000000015,vazia5,3
0.2,-0.1120000000000001,-0.617,0.018000000000000016,vazia5,3
0.21600000000000003,-0.12300000000000022,-0.645,0.019000000000000017,vazia5,3
0.23299999999999998,-0.133,-0.604,0.02100000000000002,vazia5,3
0.249,-0.1429999999999998,-0.707,0.02300000000000002,vazia5,3
0.26599999999999996,-0.15700000000000003,-0.738,0.02300000000000002,vazia5,3
0.283,-0.16699999999999982,-0.674,0.02400000000000002,vazia5,3
0.299,-0.17900000000000027,-0.705,0.025000000000000022,vazia5,3
0.316,-0.19099999999999984,-0.623,0.02400000000000002,vazia5,3
0.33299999999999996,-0.20000000000000018,-0.653,0.025000000000000022,vazia5,3
0.349,-0.21300000000000008,-0.757,0.026000000000000023,vazia5,3
0.366,-0.22499999999999964,-0.764,0.027000000000000024,vazia5,3
0.383,-0.23800000000000043,-0.746,0.028000000000000025,vazia5,3
0.39899999999999997,-0.25,-0.766,0.028000000000000025,vazia5,3
0.416,-0.2629999999999999,-0.827,0.031000000000000028,vazia5,3
0.433,-0.27700000000000014,-0.939,0.03200000000000003,vazia5,3
0.449,-0.29499999999999993,-1.007,0.031000000000000028,vazia5,3
0.46599999999999997,-0.31099999999999994,-0.953,0.03400000000000003,vazia5,3
0.483,-0.32699999999999996,-0.993,0.03400000000000003,vazia5,3
0.499,-0.3440000000000003,-0.958,0.03600000000000003,vazia5,3
0.516,-0.35799999999999965,-1.019,0.039000000000000035,vazia5,3
0.533,-0.3780000000000001,-1.095,0.040000000000000036,vazia5,3
0.5489999999999999,-0.3949999999999996,-1.019,0.04200000000000004,vazia5,3
0.566,-0.4119999999999999,-0.994,0.04400000000000004,vazia5,3
0.583,-0.42799999999999994,-1.019,0.045999999999999985,vazia5,3
0.599,-0.44599999999999973,-1.064,0.04799999999999999,vazia5,3
0.616,-0.4630000000000001,-1.046,0.05099999999999999,vazia5,3
0.633,-0.48099999999999987,-1.029,0.05499999999999999,vazia5,3
0.649,-0.4980000000000002,-0.944,0.057999999999999996,vazia5,3
0.666,-0.5119999999999996,-0.969,0.062,vazia5,3
0.6829999999999999,-0.5300000000000002,-0.97,0.066,vazia5,3
0.699,-0.5439999999999996,-1.045,0.07,vazia5,3
0.716,-0.5650000000000004,-1.199,0.07200000000000001,vazia5,3
0.733,-0.5839999999999996,-1.01,0.07700000000000001,vazia5,3
0.749,-0.5979999999999999,-1.065,0.08200000000000002,vazia5,3
0.766,-0.6200000000000001,-1.221,0.08600000000000002,vazia5,3
0.782,-0.6390000000000002,-1.221,0.09000000000000002,vazia5,3
0.7989999999999999,-0.6609999999999996,-1.253,0.09400000000000003,vazia5,3
0.816,-0.681,-1.316,0.09700000000000003,vazia5,3
0.832,-0.7039999999999997,-1.189,0.09900000000000003,vazia5,3
0.849,-0.7210000000000001,-1.06,0.10600000000000004,vazia5,3
0.866,-0.7400000000000002,-1.124,0.10600000000000004,vazia5,3
0.882,-0.758,-1.382,0.11099999999999999,vazia5,3
0.899,-0.7859999999999996,-1.413,0.11499999999999999,vazia5,3
0.916,-0.8049999999999997,-1.156,0.11699999999999999,vazia5,3
0.9319999999999999,-0.8239999999999998,-1.284,0.12,vazia5,3
0.949,-0.8479999999999999,-1.288,0.122,vazia5,3
0.966,-0.867,-1.066,0.124,vazia5,3
0.982,-0.883,-1.146,0.126,vazia5,3
0.999,-0.9050000000000002,-1.278,0.128,vazia5,3
1.016,-0.9260000000000002,-1.256,0.13,vazia5,3
1.032,-0.9470000000000001,-1.284,0.131,vazia5,3
1.0490000000000002,-0.9690000000000003,-1.315,0.134,vazia5,3
1.066,-0.9909999999999997,-1.309,0.133,vazia5,3
1.082,-1.0119999999999996,-1.188,0.135,vazia5,3
1.0990000000000002,-1.0309999999999997,-1.352,0.136,vazia5,3
1.116,-1.0570000000000004,-1.561,0.135,vazia5,3
1.1320000000000001,-1.0830000000000002,-1.423,0.138,vazia5,3
1.149,-1.1050000000000004,-1.298,0.138,vazia5,3
1.1660000000000001,-1.1260000000000003,-1.349,0.139,vazia5,3
1.1820000000000002,-1.1500000000000004,-1.31,0.138,vazia5,3
1.199,-1.17,-1.323,0.139,vazia5,3
1.2160000000000002,-1.194,-1.312,0.14,vazia5,3
1.2320000000000002,-1.213,-1.324,0.14200000000000002,vazia5,3
1.249,-1.2380000000000004,-1.323,0.14300000000000002,vazia5,3
1.266,-1.2569999999999997,-1.272,0.14200000000000002,vazia5,3
1.282,-1.2800000000000002,-1.247,0.14400000000000002,vazia5,3
1.2990000000000002,-1.2990000000000004,-1.223,0.14400000000000002,vazia5,3
1.3150000000000002,-1.3209999999999997,-1.248,0.14700000000000002,vazia5,3
1.332,-1.3399999999999999,-1.196,0.14700000000000002,vazia5,3
1.3490000000000002,-1.3609999999999998,-1.222,0.14800000000000002,vazia5,3
1.365,-1.3810000000000002,-1.221,0.14800000000000002,vazia5,3
1.3820000000000001,-1.4009999999999998,-1.171,0.14800000000000002,vazia5,3
1.399,-1.42,-1.091,0.14900000000000002,vazia5,3
1.415,-1.4379999999999997,-1.197,0.15300000000000002,vazia5,3
1.4320000000000002,-1.46,-1.283,0.15300000000000002,vazia5,3
1.449,-1.4809999999999999,-1.248,0.15400000000000003,vazia5,3
1.465,-1.5019999999999998,-1.141,0.15700000000000003,vazia5,3
1.4820000000000002,-1.5190000000000001,-1.07,0.15700000000000003,vazia5,3
1.499,-1.537,-1.148,0.16100000000000003,vazia5,3
1.5150000000000001,-1.557,-1.123,0.16500000000000004,vazia5,3
1.532,-1.5750000000000002,-1.122,0.16800000000000004,vazia5,3
1.5490000000000002,-1.5939999999999999,-1.12,0.16900000000000004,vazia5,3
1.5650000000000002,-1.612,-0.968,0.17099999999999999,vazia5,3
1.582,-1.626,-0.994,0.173,vazia5,3
1.5990000000000002,-1.645,-1.046,0.175,vazia5,3
1.615,-1.661,-1.046,0.18,vazia5,3
1.6320000000000001,-1.6800000000000002,-1.097,0.183,vazia5,3
1.649,-1.698,-0.986,0.186,vazia5,3
1.665,-1.713,-1.019,0.19,vazia5,3
1.6820000000000002,-1.7320000000000002,-1.054,0.192,vazia5,3
1.699,-1.7479999999999998,-1.071,0.195,vazia5,3
1.715,-1.767,-1.173,0.198,vazia5,3
1.7320000000000002,-1.787,-1.097,0.202,vazia5,3
1.749,-1.8039999999999998,-1.046,0.20600000000000002,vazia5,3
1.7650000000000001,-1.822,-1.087,0.21000000000000002,vazia5,3
1.782,-1.8399999999999999,-1.067,0.21500000000000002,vazia5,3
1.7990000000000002,-1.8570000000000002,-1.106,0.21900000000000003,vazia5,3
1.8150000000000002,-1.8769999999999998,-1.06,0.22100000000000003,vazia5,3
1.832,-1.8929999999999998,-1.079,0.22400000000000003,vazia5,3
1.848,-1.9129999999999998,-1.188,0.22600000000000003,vazia5,3
1.865,-1.932,-1.189,0.22900000000000004,vazia5,3
1.8820000000000001,-1.9529999999999998,-1.147,0.23100000000000004,vazia5,3
1.8980000000000001,-1.9700000000000002,-1.019,0.23299999999999998,vazia5,3
1.915,-1.9860000000000002,-1.101,0.23399999999999999,vazia5,3
1.9320000000000002,-2.007,-1.273,0.236,vazia5,3
1.9480000000000002,-2.029,-1.267,0.237,vazia5,3
1.965,-2.049,-1.044,0.238,vazia5,3
1.9820000000000002,-2.064,-1.07,0.24,vazia5,3
1.9980000000000002,-2.085,-1.247,0.24,vazia5,3
2.015,-2.105,-1.196,0.239,vazia5,3
2.032,-2.125,-1.145,0.24,vazia5,3
2.048,-2.143,-1.119,0.239,vazia5,3
2.065,-2.162,-1.043,0.238,vazia5,3
2.0820000000000003,-2.178,-1.169,0.239,vazia5,3
2.0980000000000003,-2.201,-1.22,0.237,vazia5,3
2.115,-2.219,-1.195,0.235,vazia5,3
2.132,-2.241,-1.093,0.23299999999999998,vazia5,3
2.148,-2.255,-1.042,0.23100000000000004,vazia5,3
2.165,-2.275,-1.194,0.22900000000000004,vazia5,3
2.182,-2.295,-1.219,0.22700000000000004,vazia5,3
2.198,-2.316,-1.193,0.22400000000000003,vazia5,3
2.2150000000000003,-2.335,-1.142,0.22100000000000003,vazia5,3
2.232,-2.354,-1.117,0.21800000000000003,vazia5,3
2.248,-2.372,-1.041,0.21500000000000002,vazia5,3
2.265,-2.389,-1.066,0.21100000000000002,vazia5,3
2.282,-2.407,-1.117,0.20700000000000002,vazia5,3
2.298,-2.426,-1.143,0.20400000000000001,vazia5,3
2.315,-2.445,-1.085,0.201,vazia5,3
2.3320000000000003,-2.462,-1.156,0.197,vazia5,3
2.3480000000000003,-2.484,-1.153,0.192,vazia5,3
2.365,-2.5,-1.086,0.188,vazia5,3
2.3810000000000002,-2.52,-1.197,0.183,vazia5,3
2.398,-2.54,-1.129,0.18,vazia5,3
2.415,-2.558,-1.041,0.176,vazia5,3
2.431,-2.575,-1.04,0.172,vazia5,3
2.448,-2.592,-1.108,0.16900000000000004,vazia5,3
2.4650000000000003,-2.612,-1.153,0.16500000000000004,vazia5,3
2.4810000000000003,-2.631,-1.018,0.16000000000000003,vazia5,3
2.498,-2.646,-1.085,0.15800000000000003,vazia5,3
2.515,-2.667,-1.153,0.15200000000000002,vazia5,3
2.531,-2.684,-1.039,0.14900000000000002,vazia5,3
2.548,-2.702,-1.084,0.14400000000000002,vazia5,3
2.565,-2.72,-1.012,0.139,vazia5,3
2.581,-2.735,-0.926,0.135,vazia5,3
2.5980000000000003,-2.751,-1.0,0.131,vazia5,3
2.615,-2.769,-1.062,0.128,vazia5,3
2.6310000000000002,-2.787,-1.13,0.124,vazia5,3
2.648,-2.806,-1.108,0.12,vazia5,3
2.665,-2.824,-0.972,0.11599999999999999,vazia5,3
2.681,-2.839,-1.017,0.11399999999999999,vazia5,3
2.698,-2.857,-1.055,0.10899999999999999,vazia5,3
2.7150000000000003,-2.874,-0.995,0.10700000000000004,vazia5,3
2.7310000000000003,-2.891,-0.957,0.10400000000000004,vazia5,3
2.748,-2.906,-1.04,0.10100000000000003,vazia5,3
2.765,-2.925,-1.153,0.09600000000000003,vazia5,3
2.781,-2.944,-0.972,0.09300000000000003,vazia5,3
2.798,-2.958,-0.896,0.09000000000000002,vazia5,3
2.815,-2.974,-1.063,0.08800000000000002,vazia5,3
2.831,-2.993,-1.054,0.08300000000000002,vazia5,3
2.8480000000000003,-3.009,-1.062,0.07900000000000001,vazia5,3
2.864,-3.028,-1.057,0.07600000000000001,vazia5,3
2.8810000000000002,-3.044,-1.063,0.07400000000000001,vazia5,3
2.898,-3.064,-1.199,0.07,vazia5,3
2.914,-3.084,-1.063,0.067,vazia5,3
2.931,-3.099,-0.996,0.063,vazia5,3
2.948,-3.117,-1.064,0.061,vazia5,3
2.964,-3.135,-1.085,0.057999999999999996,vazia5,3
2.9810000000000003,-3.154,-1.176,0.05299999999999999,vazia5,3
2.998,-3.174,-1.29,0.05099999999999999,vazia5,3
3.0140000000000002,-3.196,-1.154,0.046999999999999986,vazia5,3
3.031,-3.212,-1.086,0.04500000000000004,vazia5,3
3.048,-3.233,-1.176,0.04200000000000004,vazia5,3
3.064,-3.251,-1.131,0.039000000000000035,vazia5,3
3.081,-3.27,-1.176,0.03600000000000003,vazia5,3
3.0980000000000003,-3.291,-1.176,0.03200000000000003,vazia5,3
3.114,-3.31,-1.245,0.030000000000000027,vazia5,3
3.1310000000000002,-3.332,-1.245,0.029000000000000026,vazia5,3
3.148,-3.351,-1.177,0.026000000000000023,vazia5,3
3.164,-3.371,-1.132,0.02400000000000002,vazia5,3
3.181,-3.389,-1.2,0.02100000000000002,vazia5,3
3.198,-3.411,-1.313,0.019000000000000017,vazia5,3
3.214,-3.432,-1.29,0.017000000000000015,vazia5,3
3.2310000000000003,-3.454,-1.336,0.016000000000000014,vazia5,3
3.248,-3.477,-1.313,0.014000000000000012,vazia5,3
3.2640000000000002,-3.498,-1.245,0.01200000000000001,vazia5,3
3.281,-3.518,-1.223,0.010000000000000009,vazia5,3
3.298,-3.5389999999999997,-1.224,0.009000000000000008,vazia5,3
3.314,-3.559,-1.224,0.009000000000000008,vazia5,3
3.331,-3.58,-1.2,0.007000000000000006,vazia5,3
3.3480000000000003,-3.599,-1.314,0.006000000000000005,vazia5,3
3.364,-3.623,-1.334,0.006000000000000005,vazia5,3
3.3810000000000002,-3.644,-1.154,0.0050000000000000044,vazia5,3
3.3970000000000002,-3.662,-1.295,0.0050000000000000044,vazia5,3
3.414,-3.6870000000000003,-1.338,0.0050000000000000044,vazia5,3
3.431,-3.706,-1.178,0.0040000000000000036,vazia5,3
3.447,-3.726,-1.337,0.0030000000000000027,vazia5,3
3.464,-3.751,-1.36,0.0040000000000000036,vazia5,3
3.4810000000000003,-3.771,-1.179,0.0030000000000000027,vazia5,3
3.497,-3.79,-1.297,0.0030000000000000027,vazia5,3
3.5140000000000002,-3.815,-1.34,0.0030000000000000027,vazia5,3
3.531,-3.835,-1.287,0.0050000000000000044,vazia5,3
3.547,-3.857,-1.217,0.0030000000000000027,vazia5,3
3.564,-3.875,-1.156,0.0020000000000000018,vazia5,3
3.581,-3.896,-1.252,0.0040000000000000036,vazia5,3
3.597,-3.917,-1.404,0.0040000000000000036,vazia5,3
3.614,-3.943,-1.314,0.0040000000000000036,vazia5,3
3.6310000000000002,-3.9610000000000003,-1.18,0.0030000000000000027,vazia5,3
3.6470000000000002,-3.982,-1.224,0.0030000000000000027,vazia5,3
3.664,-4.002,-1.292,0.0030000000000000027,vazia5,3
3.681,-4.025,-1.276,0.0020000000000000018,vazia5,3
3.697,-4.0440000000000005,-1.312,0.0020000000000000018,vazia5,3
3.714,-4.069,-1.398,0.0020000000000000018,vazia5,3
3.7310000000000003,-4.091,-1.318,0.0020000000000000018,vazia5,3
3.747,-4.1129999999999995,-1.406,0.0020000000000000018,vazia5,3
3.7640000000000002,-4.138,-1.375,0.0030000000000000027,vazia5,3
3.781,-4.1579999999999995,-1.236,0.0030000000000000027,vazia5,3
3.797,-4.179,-1.55,0.0030000000000000027,vazia5,3
3.814,-4.21,-1.551,0.0030000000000000027,vazia5,3
3.831,-4.23,-1.45,0.0020000000000000018,vazia5,3
3.847,-4.258,-1.542,0.0010000000000000009,vazia5,3
3.864,-4.282,-1.519,0.0020000000000000018,vazia5,3
3.8810000000000002,-4.309,-1.52,0.0020000000000000018,vazia5,3
3.8970000000000002,-4.332,-1.429,0.0030000000000000027,vazia5,3
3.914,-4.357,-1.384,0.0040000000000000036,vazia5,3
3.93,-4.378,-1.519,0.0050000000000000044,vazia5,3
3.947,-4.407,-1.655,0.0050000000000000044,vazia5,3
3.964,-4.434,-1.449,0.007000000000000006,vazia5,3
3.98,-4.455,-1.521,0.007000000000000006,vazia5,3
3.9970000000000003,-4.484,-1.636,0.008000000000000007,vazia5,3
4.013999999999999,-4.51,-1.54,0.009000000000000008,vazia5,3
4.029999999999999,-4.536,-1.656,0.010000000000000009,vazia5,3
4.047,-4.5649999999999995,-1.634,0.01200000000000001,vazia5,3
4.064,-4.59,-1.452,0.013000000000000012,vazia5,3
4.08,-4.6129999999999995,-1.518,0.015000000000000013,vazia5,3
4.0969999999999995,-4.641,-1.747,0.017000000000000015,vazia5,3
4.114,-4.672,-1.544,0.019000000000000017,vazia5,3
4.13,-4.692,-1.43,0.019000000000000017,vazia5,3
4.146999999999999,-4.719,-1.521,0.02200000000000002,vazia5,3
4.164,-4.743,-1.519,0.02400000000000002,vazia5,3
4.18,-4.77,-1.611,0.026000000000000023,vazia5,3
4.197,-4.796,-1.498,0.028000000000000025,vazia5,3
4.2139999999999995,-4.82,-1.475,0.029000000000000026,vazia5,3
4.2299999999999995,-4.845,-1.566,0.03200000000000003,vazia5,3
4.247,-4.872,-1.52,0.03400000000000003,vazia5,3
4.263999999999999,-4.896,-1.498,0.03600000000000003,vazia5,3
4.279999999999999,-4.922,-1.453,0.039000000000000035,vazia5,3
4.297,-4.944,-1.317,0.041000000000000036,vazia5,3
4.314,-4.966,-1.385,0.04400000000000004,vazia5,3
4.33,-4.991,-1.566,0.04500000000000004,vazia5,3
4.3469999999999995,-5.018,-1.543,0.04899999999999999,vazia5,3
4.364,-5.042,-1.385,0.05199999999999999,vazia5,3
4.38,-5.064,-1.385,0.05399999999999999,vazia5,3
4.396999999999999,-5.088,-1.453,0.057999999999999996,vazia5,3
4.414,-5.112,-1.363,0.061,vazia5,3
4.43,-5.134,-1.272,0.065,vazia5,3
4.447,-5.155,-1.43,0.067,vazia5,3
4.463,-5.181,-1.453,0.07,vazia5,3
4.4799999999999995,-5.203,-1.227,0.07200000000000001,vazia5,3
4.497,-5.2219999999999995,-1.34,0.07400000000000001,vazia5,3
4.513,-5.248,-1.361,0.07800000000000001,vazia5,3
4.529999999999999,-5.267,-1.271,0.08100000000000002,vazia5,3
4.547,-5.29,-1.271,0.08300000000000002,vazia5,3
4.563,-5.31,-1.249,0.08600000000000002,vazia5,3
4.58,-5.332,-1.249,0.08800000000000002,vazia5,3
4.5969999999999995,-5.351,-1.158,0.09100000000000003,vazia5,3
4.6129999999999995,-5.37,-1.204,0.09400000000000003,vazia5,3
4.63,-5.391,-1.203,0.09600000000000003,vazia5,3
4.646999999999999,-5.41,-1.202,0.09700000000000003,vazia5,3
4.662999999999999,-5.432,-1.294,0.09900000000000003,vazia5,3
4.68,-5.453,-1.248,0.10100000000000003,vazia5,3
4.697,-5.473,-1.248,0.10200000000000004,vazia5,3
4.713,-5.495,-1.157,0.10400000000000004,vazia5,3
4.7299999999999995,-5.512,-0.998,0.10500000000000004,vazia5,3
4.747,-5.528,-1.098,0.10500000000000004,vazia5,3
4.763,-5.548,-1.145,0.10300000000000004,vazia5,3
4.779999999999999,-5.566,-1.156,0.10500000000000004,vazia5,3
4.797,-5.587,-1.214,0.10700000000000004,vazia5,3
4.813,-5.607,-1.216,0.10700000000000004,vazia5,3
4.83,-5.627,-1.095,0.10799999999999998,vazia5,3
4.8469999999999995,-5.643,-1.224,0.10700000000000004,vazia5,3
4.8629999999999995,-5.668,-1.331,0.10799999999999998,vazia5,3
