t,y,vy,x,,t,y,vy,x,,t,y,vy,x,,t,y,vy,x,,t,y,vy,x,,t,y,vy,x
"0,718","0,017",,"0,001",,"0,350","0,000",,"0,000",,"1,802","0,005",,"-0,001",,"0,717","-0,012",,"0,005",,"2,588","-0,006",,"-0,001",,"1,351","3,31E-03",,"3,07E-03"
"0,735","0,017","0,000","0,001",,"0,367","0,000","-0,403","-0,003",,"1,819","-0,007","-0,591","0,001",,"0,734","-0,012","0,000","0,005",,"2,604","-0,002","0,022","-0,001",,"1,368","-4,77E-05","-0,189","2,20E-03"
"0,752","0,017","0,000","0,001",,"0,384","-0,013","-0,728","-0,003",,"1,836","-0,014","-0,498","0,001",,"0,750","-0,012","0,002","0,005",,"2,621","-0,005","-0,227","0,000",,"1,385","-2,98E-03","-0,322","2,11E-03"
"0,768","0,017","0,000","0,001",,"0,400","-0,024","-0,647","-0,006",,"1,852","-0,023","-0,798","0,001",,"0,767","-0,012","-0,215","0,002",,"2,638","-0,009","-0,393","0,003",,"1,401","-1,08E-02","-0,678","1,85E-03"
"0,785","0,017","0,179","0,001",,"0,417","-0,035","-0,809","-0,007",,"1,869","-0,041","-0,990","0,001",,"0,784","-0,020","-0,430","-0,001",,"2,654","-0,018","-0,727","0,009",,"1,418","-2,56E-02","-0,827","5,27E-03"
"0,802","0,023","0,174","0,005",,"0,434","-0,051","-1,050","-0,010",,"1,886","-0,057","-1,094","0,002",,"0,800","-0,027","-0,634","-0,001",,"2,671","-0,033","-0,866","0,010",,"1,435","-3,84E-02","-0,737","7,78E-03"
"0,818","0,023","0,120","0,011",,"0,450","-0,070","-1,133","-0,013",,"1,902","-0,077","-1,224","0,002",,"0,817","-0,041","-1,041","-0,004",,"2,688","-0,047","-0,819","0,011",,"1,451","-5,02E-02","-0,822","8,37E-03"
"0,835","0,027","0,114","0,025",,"0,467","-0,089","-1,380","-0,014",,"1,919","-0,097","-1,380","0,002",,"0,834","-0,061","-1,077","-0,005",,"2,705","-0,061","-0,914","0,014",,"1,468","-6,58E-02","-1,087","7,85E-03"
"0,852","0,026","-0,023","0,038",,"0,484","-0,116","-1,620","-0,015",,"1,936","-0,123","-1,718","0,003",,"0,850","-0,077","-1,043","-0,005",,"2,721","-0,078","-1,121","0,014",,"1,485","-8,65E-02","-1,146","1,01E-02"
"0,869","0,026","0,016","0,051",,"0,500","-0,143","-1,704","-0,018",,"1,952","-0,155","-1,823","0,002",,"0,867","-0,096","-1,370","-0,007",,"2,738","-0,098","-1,249","0,015",,"1,501","-0,104","-1,29","9,52E-03"
"0,885","0,027","0,058","0,071",,"0,517","-0,173","-1,867","-0,017",,"1,969","-0,184","-1,958","0,005",,"0,884","-0,122","-1,567","-0,007",,"2,755","-0,120","-1,440","0,016",,"1,518","-0,129","-1,494","8,68E-03"
"0,902","0,028","0,098","0,090",,"0,534","-0,205","-2,026","-0,020",,"1,986","-0,220","-2,191","0,009",,"0,900","-0,148","-1,567","-0,008",,"2,771","-0,146","-1,648","0,015",,"1,535","-0,154","-1,588","6,89E-03"
"0,919","0,030","0,044","0,116",,"0,550","-0,240","-2,107","-0,022",,"2,002","-0,257","-2,369","0,011",,"0,917","-0,175","-1,731","-0,007",,"2,788","-0,175","-1,808","0,017",,"1,551","-0,182","-1,706","1,18E-02"
"0,935","0,029","-0,011","0,144",,"0,567","-0,276","-2,351","-0,025",,"2,019","-0,299","-2,500","0,010",,"0,934","-0,206","-1,764","-0,007",,"2,805","-0,207","-1,855","0,016",,"1,568","-0,211","-1,67","1,09E-02"
"0,952","0,030","0,032","0,180",,"0,584","-0,319","-2,597","-0,027",,"2,036","-0,341","-2,607","0,012",,"0,950","-0,233","-1,796","-0,007",,"2,821","-0,237","-1,841","0,016",,"1,585","-0,238","-1,728","8,99E-03"
"0,969","0,031","0,036","0,211",,"0,600","-0,362","-2,597","-0,028",,"2,053","-0,386","-2,998","0,015",,"0,967","-0,266","-2,122","-0,008",,"2,838","-0,268","-1,920","0,018",,"1,601","-0,268","-1,849","7,98E-03"
"0,985","0,031","-0,063","0,243",,"0,617","-0,406","-2,843","-0,030",,"2,069","-0,441","-3,205","0,018",,"0,984","-0,304","-2,318","-0,008",,"2,855","-0,301","-2,173","0,016",,"1,618","-0,3","-2,171","9,88E-03"
"1,002","0,028","0,021","0,282",,"0,634","-0,457","-3,087","-0,029",,"2,086","-0,493","-3,205","0,020",,"1,000","-0,343","-2,382","-0,009",,"2,871","-0,341","-2,240","0,015",,"1,635","-0,341","-2,405","7,54E-03"
"1,019","0,032","0,106","0,323",,"0,650","-0,508","-3,084","-0,030",,"2,103","-0,548","-3,492","0,023",,"1,017","-0,384","-2,382","-0,011",,"2,888","-0,376","-2,372","0,017",,"1,651","-0,38","-2,2","9,17E-03"
"1,036","0,032","0,056","0,369",,"0,667","-0,560","-3,492","-0,032",,"2,119","-0,610","-3,805","0,025",,"1,034","-0,423","-2,447","-0,012",,"2,905","-0,420","-2,433","0,020",,"1,668","-0,414","-2,257","7,06E-03"
"1,052","0,034","0,055","0,415",,"0,684","-0,625","-3,573","-0,032",,"2,136","-0,675","-3,960","0,029",,"1,050","-0,465","-2,610","-0,013",,"2,922","-0,457","-2,527","0,019",,"1,685","-0,455","-2,552","6,68E-03"
"1,069","0,034","-0,001","0,463",,"0,701","-0,679","-3,573","-0,033",,"2,153","-0,742","-3,879","0,030",,"1,067","-0,510","-2,580","-0,015",,"2,938","-0,504","-2,671","0,020",,"1,702","-0,499","-2,726","6,19E-03"
"1,086","0,034","-0,008","0,519",,"0,717","-0,744","-3,901","-0,033",,"2,169","-0,804","-4,191","0,032",,"1,084","-0,551","-2,710","-0,014",,"2,955","-0,546","-2,544","0,018",,"1,718","-0,546","-2,581","3,66E-03"
"1,102","0,034","0,034","0,575",,"0,734","-0,809","-4,225","-0,032",,"2,186","-0,882","-4,505","0,032",,"1,100","-0,600","-2,870","-0,015",,"2,972","-0,589","-2,831","0,020",,"1,735","-0,586","-2,7","5,30E-03"
"1,119","0,035","0,027","0,636",,"0,751","-0,885","-4,469","-0,032",,"2,203","-0,955","-4,505","0,035",,"1,117","-0,647","-2,968","-0,018",,"2,988","-0,640","-3,070","0,018",,"1,752","-0,636","-3,022","4,59E-03"
"1,136","0,034","-0,066","0,699",,"0,767","-0,958","-4,390","-0,032",,"2,219","-1,032","-4,843","0,035",,"1,134","-0,699","-3,196","-0,019",,"3,005","-0,692","-3,009","0,019",,"1,768","-0,686","-2,963","4,89E-03"
"1,152","0,033","0,016","0,762",,"0,784","-1,032","-4,634","-0,029",,"2,236","-1,116","-5,053","0,038",,"1,150","-0,753","-3,164","-0,022",,"3,022","-0,741","-2,911","0,019",,"1,785","-0,735","-3,138","4,24E-03"
"1,169","0,035","0,057","0,835",,"0,801","-1,113","-4,953","-0,029",,"2,253","-1,201","-4,920","0,041",,"1,167","-0,805","-3,164","-0,024",,"3,038","-0,789","-2,990","0,019",,"1,802","-0,791","-3,257","3,37E-03"
"1,186","0,035","0,056","0,904",,"0,817","-1,197","-4,956","-0,032",,"2,269","-1,280","-5,050","0,040",,"1,184","-0,859","-3,325","-0,027",,"3,055","-0,841","-3,133","0,018",,"1,818","-0,844","-3,346","4,55E-03"
"1,203","0,037","0,045","0,980",,"0,834","-1,278","-5,283","-0,029",,"2,286","-1,369","-5,439","0,043",,"1,200","-0,915","-3,392","-0,031",,"3,072","-0,894","-3,119","0,017",,"1,835","-0,903","-3,49","4,56E-03"
"1,219","0,036","-0,048","1,061",,"0,851","-1,373","-5,605","-0,029",,"2,303","-1,462","-5,517","0,041",,"1,217","-0,972","-3,425","-0,031",,"3,089","-0,945","-3,154","0,018",,"1,852","-0,96","-3,401","2,65E-03"
"1,236","0,035","-0,011","1,138",,"0,867","-1,465","-5,443","-0,030",,"2,319","-1,553","-5,702","0,042",,"1,234","-1,030","-3,422","-0,035",,"3,105","-0,999","-3,248","0,019",,"1,868","-1,016","-3,608","1,78E-03"
"1,253","0,036","0,027","1,228",,"0,884","-1,555","-5,848","-0,030",,"2,336","-1,652","-5,936","0,045",,"1,251","-1,086","-3,552","-0,039",,"3,122","-1,053","-3,520","0,020",,"1,885","-1,081","-3,611","1,59E-03"
"1,269","0,036","0,030","1,314",,"0,901","-1,660","-6,254","-0,031",,"2,353","-1,751","-6,166","0,045",,"1,267","-1,148","-3,453","-0,043",,"3,139","-1,116","-3,584","0,020",,"1,902","-1,137","-3,466","3,66E-03"
"1,286","0,037","0,073","1,401",,"0,917","-1,763","-5,848","-0,031",,"2,370","-1,858","-6,347","0,043",,"1,284","-1,201","-3,551","-0,048",,"3,155","-1,173","-3,395","0,021",,"1,918","-1,196","-3,43","5,59E-03"
"1,303","0,039","-0,028","1,490",,"0,934","-1,855","-6,008","-0,032",,"2,386","-1,963","-6,270","0,042",,"1,301","-1,267","-3,844","-0,053",,"3,172","-1,230","-3,541","0,024",,"1,935","-1,251","-3,46","8,38E-04"
"1,319","0,036","-0,127","1,589",,"0,951","-1,964","-6,573","-0,035",,"2,403","-2,067","-6,454","0,041",,"1,317","-1,330","-3,647","-0,059",,"3,189","-1,291","-3,493","0,027",,"1,952","-1,312","-3,844","2,74E-03"
"1,336","0,034","0,056","1,685",,"0,967","-2,075","-6,579","-0,039",,"2,420","-2,179","-6,690","0,043",,"1,334","-1,388","-3,743","-0,064",,"3,205","-1,346","-3,397","0,030",,"1,968","-1,379","-3,87","1,48E-03"
"1,353","0,038","0,047","1,783",,"0,984","-2,183","-6,660","-0,037",,"2,436","-2,291","-6,945","0,043",,"1,351","-1,454","-3,974","-0,073",,"3,222","-1,405","-3,670","0,034",,"1,985","-1,441","-3,579","-5,66E-04"
"1,370","0,036","-0,100","1,891",,"1,001","-2,297","-6,898","-0,041",,"2,453","-2,410","-7,025","0,040",,"1,367","-1,521","-3,845","-0,075",,"3,239","-1,469","-3,720","0,038",,"2,002","-1,499","-3,578","4,54E-04"
"1,386","0,034","-0,056","2,000",,"1,017","-2,413","-7,060","-0,045",,"2,470","-2,525","-6,950","0,041",,"1,384","-1,583","-3,775","-0,082",,"3,255","-1,529","-3,689","0,043",,"2,018","-1,56","-3,688","-2,57E-03"
"1,403","0,034","-0,008","2,108",,"1,034","-2,532","-7,144","-0,049",,"2,486","-2,642","-7,392","0,041",,"1,401","-1,647","-3,971","-0,090",,"3,272","-1,592","-3,707","0,049",,"2,035","-1,622","-3,982","-8,52E-03"
"1,420","0,034","-0,017","2,216",,"1,051","-2,652","-7,388","-0,050",,"2,503","-2,772","-7,312","0,043",,"1,417","-1,715","-3,907","-0,096",,"3,289","-1,653","-3,645","0,056",,"2,052","-1,693","-3,752","-1,09E-02"
"1,436","0,034","-0,068","2,334",,"1,067","-2,779","-7,141","-0,054",,"2,520","-2,886","-7,441","0,041",,"1,434","-1,777","-3,872","-0,102",,"3,306","-1,714","-3,884","0,064",,"2,069","-1,747","-3,543","-1,27E-02"
"1,453","0,032","-0,064","2,447",,"1,084","-2,890","-7,550","-0,058",,"2,536","-3,020","-7,860","0,042",,"1,451","-1,844","-4,069","-0,111",,"3,322","-1,782","-3,916","0,070",,"2,085","-1,811","-3,772","-1,87E-02"
"1,470","0,031","-0,071","2,561",,"1,101","-3,031","-7,877","-0,060",,"2,553","-3,149","-7,781","0,042",,"1,467","-1,913","-3,875","-0,116",,"3,339","-1,845","-3,790","0,078",,"2,102","-1,873","-3,713","-2,57E-02"
"1,486","0,029","0,016","2,682",,"1,117","-3,153","-7,634","-0,061",,"2,570","-3,280","-8,042","0,042",,"1,484","-1,973","-4,133","-0,124",,"3,356","-1,909","-3,969","0,086",,"2,119","-1,935","-3,858","-3,26E-02"
"1,503","0,032","-0,038","2,802",,"1,134","-3,285","-7,958","-0,063",,"2,586","-3,417","-8,253","0,044",,"1,501","-2,050","-4,394","-0,132",,"3,372","-1,977","-4,031","0,097",,"2,135","-2,002","-3,826","-4,07E-02"
"1,520","0,028","-0,002","2,932",,"1,151","-3,418","-7,961","-0,065",,"2,603","-3,555","-8,250","0,046",,"1,517","-2,120","-4,167","-0,139",,"3,389","-2,043","-4,124","0,104",,"2,152","-2,063","-3,707","-5,06E-02"
"1,537","0,032","0,094","3,062",,"1,168","-3,551","-8,205","-0,064",,"2,620","-3,692","-8,247","0,045",,"1,534","-2,189","-4,135","-0,146",,"3,406","-2,115","-3,980","0,111",,"2,169","-2,125","-3,885","-6,05E-02"
"1,553","0,031","-0,048","3,188",,"1,184","-3,692","-8,889","-0,066",,"2,637","-3,830","-8,770","0,043",,"1,551","-2,258","-4,102","-0,153",,"3,422","-2,176","-3,966","0,117",,"2,185","-2,192","-3,853","-6,86E-02"
"1,570","0,030","-0,013","3,323",,"1,201","-3,847","-8,858","-0,068",,"2,653","-3,985","-9,086","0,045",,"1,567","-2,326","-4,329","-0,160",,"3,439","-2,247","-4,079","0,127",,"2,202","-2,254","-3,824","-8,04E-02"
"1,587","0,031","-0,016","3,461",,"1,218","-3,987","-8,784","-0,069",,"2,670","-4,134","-9,005","0,047",,"1,584","-2,402","-4,298","-0,169",,"3,456","-2,313","-3,896","0,134",,"2,219","-2,32","-3,856","-8,85E-02"
"1,603","0,030","-0,060","3,599",,"1,234","-4,140","-9,071","-0,071",,"2,687","-4,286","-9,214","0,047",,"1,601","-2,469","-4,200","-0,174",,"3,472","-2,377","-3,990","0,137",,"2,235","-2,382","-3,793","-9,74E-02"
"1,620","0,029","-0,028","3,736",,"1,251","-4,290","-9,300","-0,072",,"2,703","-4,441","-9,527","0,049",,"1,617","-2,542","-4,068","-0,183",,"3,489","-2,446","-4,073","0,142",,"2,252","-2,447","-3,764","-0,11"
"1,637","0,029","-0,037","3,889",,"1,268","-4,451","-9,386","-0,074",,"2,720","-4,604","-9,890","0,049",,"1,634","-2,605","-4,233","-0,189",,"3,506","-2,513","-4,135","0,148",,"2,269","-2,508","-3,801","-0,118"
"1,654","0,027","0,050","4,036",,"1,284","-4,603","-9,443","-0,075",,"2,737","-4,771","-10,020","0,050",,"1,651","-2,683","-4,462","-0,196",,"3,523","-2,584","-4,116","0,150",,"2,285","-2,573","-3,861","-0,124"
"1,670","0,030","0,043","4,194",,"1,301","-4,766","-9,930","-0,078",,"2,753","-4,938","-10,040","0,048",,"1,667","-2,754","-4,232","-0,203",,"3,539","-2,651","-4,145","0,154",,"2,302","-2,637","-3,861","-0,13"
"1,687","0,029","-0,048","4,349",,"1,318","-4,934","-10,075","-0,081",,"2,770","-5,106","-10,330","0,049",,"1,684","-2,824","-4,361","-0,210",,"3,556","-2,722","-4,110","0,153",,"2,319","-2,702","-3,805","-0,136"
"1,704","0,029","-0,011","4,507",,"1,334","-5,102","-10,019","-0,081",,"2,787","-5,283","-10,460","0,050",,"1,701","-2,899","-4,426","-0,219",,"3,573","-2,788","-4,139","0,152",,"2,335","-2,764","-3,954","-0,139"
"1,720","0,029","0,030","4,671",,"1,351","-5,268","-10,017","-0,082",,"2,803","-5,456","-10,360","0,049",,"1,717","-2,972","-4,363","-0,227",,"3,589","-2,860","-4,124","0,149",,"2,352","-2,834","-4,075","-0,144"
"1,737","0,030","0,031","4,835",,"1,368","-5,436","-10,762","-0,086",,"2,820","-5,628","-9,422","0,050",,"1,734","-3,045","-4,229","-0,234",,"3,606","-2,926","-4,013","0,150",,"2,369","-2,9","-3,929","-0,143"
"1,754","0,030","-0,022","4,998",,"1,384","-5,627",,"-0,087",,"2,837","-5,770",,"0,051",,"1,751","-3,113","-4,160","-0,245",,"3,623","-2,994","-4,171","0,147",,"2,385","-2,965","-4,193","-0,146"
"1,770","0,029","-0,080","5,170",,,,,,,,,,,,"1,767","-3,184","-4,324","-0,255",,"3,639","-3,065","-4,219","0,145",,"2,402","-3,04","-4,402","-0,146"
"1,787","0,027","0,054","5,346",,,,,,,,,,,,"1,784","-3,257","-4,323","-0,265",,"3,656","-3,135","-4,136","0,143",,"2,419","-3,112","-4,138","-0,145"
"1,804","0,031","0,001","5,522",,,,,,,,,,,,"1,801","-3,328","-4,355","-0,277",,"3,673","-3,203","-4,262","0,138",,"2,435","-3,178","-4,199","-0,144"
"1,821","0,027",,"5,706",,,,,,,,,,,,"1,817","-3,403","-4,257","-0,288",,"3,690","-3,278","-4,134","0,133",,"2,452","-3,252","-4,317","-0,142"
,,,,,,,,,,,,,,,"1,834","-3,470","-4,288","-0,300",,"3,706","-3,341","-3,990","0,129",,"2,469","-3,322","-4,141","-0,14"
,,,,,,,,,,,,,,,"1,851","-3,546","-4,548","-0,313",,"3,723","-3,411","-4,151","0,123",,"2,486","-3,39","-4,144","-0,138"
,,,,,,,,,,,,,,,"1,867","-3,621","-4,417","-0,326",,"3,740","-3,480","-4,197","0,120",,"2,502","-3,46","-4,261","-0,133"
,,,,,,,,,,,,,,,"1,884","-3,693","-4,320","-0,339",,"3,756","-3,551","-4,085","0,112",,"2,519","-3,532","-4,172","-0,132"
,,,,,,,,,,,,,,,"1,901","-3,765","-4,549","-0,351",,"3,773","-3,616","-4,088","0,109",,"2,536","-3,599","-4,174","-0,128"
,,,,,,,,,,,,,,,"1,917","-3,845","-4,581","-0,363",,"3,790","-3,687","-4,118","0,105",,"2,552","-3,672","-4,171","-0,124"
,,,,,,,,,,,,,,,"1,934","-3,918","-4,254","-0,377",,"3,806","-3,754","-3,993","0,100",,"2,569","-3,738","-4,287","-0,124"
,,,,,,,,,,,,,,,"1,951","-3,986","-4,256","-0,390",,"3,823","-3,821","-4,091","0,099",,"2,586","-3,815","-4,583","-0,121"
,,,,,,,,,,,,,,,"1,967","-4,060","-4,421","-0,401",,"3,840","-3,890","-3,996","0,096",,"2,602","-3,891","-4,376","-0,118"
,,,,,,,,,,,,,,,"1,984","-4,134","-4,555","-0,412",,"3,856","-3,954","-4,078","0,096",,"2,619","-3,961","-4,345","-0,117"
,,,,,,,,,,,,,,,"2,001","-4,212","-4,427","-0,420",,"3,873","-4,026","-4,064","0,096",,"2,636","-4,036","-4,551","-0,116"
,,,,,,,,,,,,,,,"2,017","-4,281","-4,426","-0,427",,"3,890","-4,090","-4,002","0,097",,"2,652","-4,113","-4,434","-0,115"
,,,,,,,,,,,,,,,"2,034","-4,360","-4,722","-0,436",,"3,907","-4,160","-4,133","0,099",,"2,669","-4,184","-4,521","-0,113"
,,,,,,,,,,,,,,,"2,051","-4,439","-4,660","-0,442",,"3,923","-4,228","-4,038","0,103",,"2,686","-4,263","-4,789","-0,112"
,,,,,,,,,,,,,,,"2,067","-4,515","-4,660","-0,448",,"3,940","-4,295","-4,181","0,107",,"2,702","-4,344","-4,848","-0,107"
,,,,,,,,,,,,,,,"2,084","-4,594","-4,827","-0,453",,"3,957","-4,367","-4,186","0,110",,"2,719","-4,425","-4,847","-0,105"
,,,,,,,,,,,,,,,"2,101","-4,676","-4,829","-0,455",,"3,973","-4,435","-4,236","0,119",,"2,736","-4,506","-4,706","-0,101"
,,,,,,,,,,,,,,,"2,118","-4,755","-4,699","-0,458",,"3,990","-4,509","-4,316","0,125",,"2,752","-4,582","-4,768","-9,40E-02"
,,,,,,,,,,,,,,,"2,134","-4,833","-4,801","-0,459",,"4,007","-4,579","-4,352","0,133",,"2,769","-4,665","-4,911","-8,70E-02"
,,,,,,,,,,,,,,,"2,151","-4,915","-5,062","-0,458",,"4,023","-4,654","-4,545","0,142",,"2,786","-4,746","-4,769","-8,28E-02"
,,,,,,,,,,,,,,,"2,168","-5,001","-5,032","-0,459",,"4,040","-4,730","-4,418","0,152",,"2,802","-4,824","-4,861","-7,17E-02"
,,,,,,,,,,,,,,,"2,184","-5,083","-4,837","-0,456",,"4,057","-4,802","-4,403","0,163",,"2,819","-4,908","-4,951","-6,27E-02"
,,,,,,,,,,,,,,,"2,201","-5,163","-4,870","-0,455",,"4,074","-4,877","-4,419","0,173",,"2,836","-4,989","-4,986","-4,97E-02"
,,,,,,,,,,,,,,,"2,218","-5,246","-4,905","-0,452",,"4,090","-4,949","-4,596","0,184",,"2,853","-5,075","-5,133","-3,50E-02"
,,,,,,,,,,,,,,,"2,234","-5,326","-4,840","-0,448",,"4,107","-5,031","-4,596","0,196",,"2,869","-5,16","-5,07","-2,21E-02"
,,,,,,,,,,,,,,,"2,251","-5,407","-4,806","-0,445",,"4,124","-5,103","-4,683","0,207",,"2,886","-5,244","-5,196","-1,12E-02"
,,,,,,,,,,,,,,,"2,268","-5,487","-4,737","-0,443",,"4,140","-5,187","-4,956","0,226",,"2,903","-5,334","-5,016","1,03E-02"
,,,,,,,,,,,,,,,"2,284","-5,565","-4,573","-0,444",,"4,157","-5,268","-4,755","0,238",,"2,919","-5,411","-5,105","1,65E-02"
,,,,,,,,,,,,,,,"2,301","-5,639","-4,572","-0,443",,"4,174","-5,346","-4,481","0,247",,"2,936","-5,504","-5,375","3,89E-02"
,,,,,,,,,,,,,,,"2,318","-5,717","-4,698","-0,444",,"4,190","-5,418","-4,597","0,258",,"2,953","-5,59","-4,872","5,17E-02"
,,,,,,,,,,,,,,,"2,334","-5,796","-4,793","-0,448",,"4,207","-5,499","-5,081","0,271",,"2,969","-5,666","-5,142","6,97E-02"
,,,,,,,,,,,,,,,"2,351","-5,877","-4,921","-0,452",,"4,224","-5,588","-5,010","0,286",,"2,986","-5,762","-5,105","8,81E-02"
,,,,,,,,,,,,,,,"2,368","-5,960","-4,301","-0,459",,"4,240","-5,667","-4,509","0,291",,"3,003","-5,837","-4,81","9,84E-02"
,,,,,,,,,,,,,,,"2,384","-6,021",,"-0,463",,"4,257","-5,738","-4,244","0,302",,"3,019","-5,922","-5,193","0,115"
,,,,,,,,,,,,,,,,,,,,"4,274","-5,808",,"0,313",,"3,036","-6,01","-4,959","0,128"
,,,,,,,,,,,,,,,,,,,,"4,274","-5,808",,"0,313",,"3,053","-6,088","-3,957","0,145"
,,,,,,,,,,,,,,,,,,,,,,,,,"3,069","-6,142",,"0,153"