y,vy,x,,t,y,vy,x,,t,x,y,vy,,t,y,vy,x,,t,y,vy,x,,t,y,vy,x
"-5,481",,"-0,435",,"1,229","-5,481",,"-0,418",,"2,502","-0,392","-0,034",,,"0,000","5,449",,"0,083",,"0,000","5,440",,"0,151",,"0,000","5,496",,"0,236"
"-5,362","-7,458","-0,435",,"1,213","-5,362","-7,458","-0,416",,"2,519","-0,388","-0,042","-0,455",,"0,017","5,445","-0,182","0,085",,"0,017","5,437","-0,221","0,152",,"0,017","5,492","-0,229","0,236"
"-5,233","-7,458","-0,434",,"1,246","-5,233","-7,461","-0,415",,"2,536","-0,387","-0,049","-0,533",,"0,033","5,443","-0,226","0,084",,"0,033","5,433","-0,255","0,153",,"0,033","5,488","-0,163","0,237"
"-5,113","-7,495","-0,433",,"1,263","-5,113","-7,495","-0,414",,"2,552","-0,385","-0,060","-0,755",,"0,050","5,438","-0,243","0,084",,"0,050","5,428","-0,402","0,154",,"0,050","5,486","-0,154","0,238"
"-4,983","-7,607","-0,433",,"1,279","-4,983","-7,605","-0,410",,"2,569","-0,384","-0,074","-0,921",,"0,067","5,435","-0,305","0,085",,"0,067","5,420","-0,538","0,151",,"0,067","5,483","-0,322","0,240"
"-4,860","-7,405","-0,432",,"1,296","-4,860","-7,402","-0,407",,"2,586","-0,383","-0,091","-1,032",,"0,083","5,428","-0,434","0,085",,"0,083","5,410","-0,651","0,152",,"0,083","5,476","-0,453","0,240"
"-4,737","-7,538","-0,431",,"1,313","-4,737","-7,533","-0,402",,"2,602","-0,381","-0,108","-1,054",,"0,100","5,420","-0,472","0,085",,"0,100","5,398","-0,679","0,151",,"0,100","5,468","-0,587","0,242"
"-4,609","-7,167","-0,426",,"1,346","-4,609","-7,169","-0,402",,"2,619","-0,379","-0,126","-1,121",,"0,117","5,412","-0,526","0,085",,"0,117","5,388","-0,610","0,150",,"0,117","5,456","-0,821","0,244"
"-4,498","-6,978","-0,426",,"1,329","-4,498","-6,985","-0,398",,"2,636","-0,380","-0,146","-1,332",,"0,133","5,403","-0,526","0,087",,"0,133","5,378","-0,568","0,150",,"0,133","5,441","-0,826","0,245"
"-4,376","-7,381","-0,425",,"1,363","-4,376","-7,374","-0,392",,"2,652","-0,379","-0,170","-1,665",,"0,150","5,394","-0,551","0,087",,"0,150","5,369","-0,539","0,150",,"0,150","5,428","-0,785","0,248"
"-4,252","-7,191","-0,423",,"1,379","-4,252","-7,188","-0,390",,"2,669","-0,376","-0,201","-1,876",,"0,167","5,384","-0,576","0,090",,"0,167","5,360","-0,674","0,150",,"0,167","5,415","-0,855","0,250"
"-4,137","-6,826","-0,422",,"1,396","-4,137","-6,835","-0,386",,"2,686","-0,377","-0,233","-2,042",,"0,183","5,375","-0,627","0,093",,"0,183","5,346","-0,577","0,150",,"0,183","5,400","-0,739","0,250"
"-4,025","-6,902","-0,418",,"1,413","-4,025","-6,904","-0,381",,"2,702","-0,373","-0,269","-2,175",,"0,200","5,364","-0,677","0,095",,"0,200","5,340","-0,512","0,149",,"0,200","5,390","-0,587","0,253"
"-3,907","-7,237","-0,416",,"1,429","-3,907","-7,237","-0,378",,"2,719","-0,367","-0,305","-2,409",,"0,217","5,353","-0,576","0,100",,"0,217","5,329","-0,707","0,149",,"0,217","5,380","-0,617","0,254"
"-3,784","-7,017","-0,415",,"1,446","-3,784","-7,015","-0,373",,"2,736","-0,363","-0,349","-2,598",,"0,233","5,344","-0,602","0,103",,"0,233","5,317","-0,707","0,149",,"0,233","5,369","-0,645","0,255"
"-3,673","-6,571","-0,414",,"1,463","-3,673","-6,571","-0,367",,"2,752","-0,361","-0,392","-2,619",,"0,250","5,333","-0,777","0,107",,"0,250","5,306","-0,602","0,149",,"0,250","5,359","-0,604","0,257"
"-3,565","-6,558","-0,410",,"1,479","-3,565","-6,560","-0,365",,"2,769","-0,357","-0,437","-2,774",,"0,267","5,318","-0,827","0,112",,"0,266","5,297","-0,577","0,150",,"0,266","5,349","-0,707","0,259"
"-3,454","-6,584","-0,407",,"1,496","-3,454","-6,580","-0,360",,"2,785","-0,355","-0,484","-2,908",,"0,283","5,305","-0,727","0,115",,"0,283","5,286","-0,756","0,150",,"0,283","5,335","-0,738","0,259"
"-3,345","-6,449","-0,402",,"1,513","-3,345","-6,447","-0,352",,"2,802","-0,349","-0,534","-3,164",,"0,300","5,294","-0,677","0,116",,"0,300","5,272","-0,923","0,151",,"0,300","5,325","-0,674","0,260"
"-3,240","-6,293","-0,402",,"1,529","-3,240","-6,293","-0,348",,"2,819","-0,347","-0,589","-3,152",,"0,316","5,283","-0,752","0,121",,"0,316","5,256","-0,849","0,152",,"0,316","5,313","-0,705","0,261"
"-3,136","-6,449","-0,398",,"1,546","-3,136","-6,451","-0,344",,"2,835","-0,343","-0,639","-3,129",,"0,333","5,269","-0,802","0,127",,"0,333","5,243","-0,849","0,153",,"0,333","5,301","-0,623","0,260"
"-3,025","-6,549","-0,392",,"1,563","-3,025","-6,551","-0,337",,"2,852","-0,340","-0,694","-3,419",,"0,350","5,256","-0,877","0,129",,"0,350","5,227","-0,990","0,154",,"0,350","5,292","-0,653","0,261"
"-2,918","-6,138","-0,390",,"1,579","-2,918","-6,138","-0,333",,"2,869","-0,337","-0,752","-3,696",,"0,366","5,240","-0,903","0,133",,"0,366","5,210","-1,058","0,155",,"0,366","5,279","-0,757","0,262"
"-2,820","-6,260","-0,386",,"1,596","-2,820","-6,260","-0,328",,"2,885","-0,334","-0,817","-4,039",,"0,383","5,226","-0,802","0,136",,"0,383","5,192","-1,132","0,156",,"0,383","5,267","-0,764","0,263"
"-2,709","-6,227","-0,381",,"1,612","-2,709","-6,225","-0,322",,"2,902","-0,328","-0,887","-3,870",,"0,400","5,213","-0,777","0,140",,"0,400","5,173","-1,123","0,156",,"0,400","5,254","-0,746","0,264"
"-2,613","-6,036","-0,378",,"1,629","-2,613","-6,036","-0,316",,"2,919","-0,324","-0,946","-4,136",,"0,416","5,200","-0,802","0,141",,"0,416","5,155","-1,132","0,157",,"0,416","5,242","-0,766","0,264"
"-2,508","-5,894","-0,373",,"1,646","-2,508","-5,894","-0,310",,"2,935","-0,319","-1,025","-4,468",,"0,433","5,187","-0,820","0,144",,"0,433","5,135","-1,303","0,157",,"0,433","5,229","-0,827","0,267"
"-2,417","-5,705","-0,367",,"1,662","-2,417","-5,705","-0,303",,"2,952","-0,312","-1,095","-4,238",,"0,450","5,173","-0,880","0,147",,"0,450","5,111","-1,302","0,160",,"0,450","5,215","-0,939","0,268"
"-2,318","-5,716","-0,365",,"1,679","-2,318","-5,716","-0,295",,"2,969","-0,307","-1,166","-4,500",,"0,466","5,157","-1,029","0,147",,"0,466","5,092","-1,129","0,159",,"0,466","5,197","-1,007","0,267"
"-2,226","-5,844","-0,360",,"1,696","-2,226","-5,844","-0,288",,"2,985","-0,291","-1,244","-4,793",,"0,483","5,138","-1,100","0,150",,"0,483","5,074","-1,245","0,158",,"0,483","5,181","-0,953","0,270"
"-2,123","-5,844","-0,352",,"1,712","-2,123","-5,844","-0,282",,"3,002","-0,293","-1,326","-4,751",,"0,500","5,121","-1,059","0,151",,"0,500","5,050","-1,342","0,157",,"0,500","5,165","-0,993","0,270"
"-2,032","-5,579","-0,348",,"1,729","-2,032","-5,579","-0,282",,"3,019","-0,286","-1,403","-4,866",,"0,516","5,103","-0,921","0,155",,"0,516","5,029","-1,189","0,156",,"0,516","5,148","-0,958","0,272"
"-1,937","-5,320","-0,344",,"1,746","-1,937","-5,320","-0,276",,"3,035","-0,282","-1,488","-5,054",,"0,533","5,090","-0,927","0,157",,"0,533","5,011","-1,261","0,155",,"0,533","5,134","-1,019","0,275"
"-1,854","-5,246","-0,337",,"1,762","-1,854","-5,246","-0,271",,"3,052","-0,278","-1,571","-5,190",,"0,550","5,072","-1,028","0,158",,"0,550","4,987","-1,273","0,152",,"0,550","5,114","-1,095","0,276"
"-1,763","-5,327","-0,333",,"1,779","-1,763","-5,327","-0,267",,"3,069","-0,271","-1,661","-5,326",,"0,566","5,056","-1,103","0,159",,"0,566","4,968","-1,160","0,149",,"0,566","5,097","-1,019","0,278"
"-1,677","-5,128","-0,328",,"1,796","-1,677","-5,128","-0,259",,"3,085","-0,263","-1,748","-5,302",,"0,583","5,035","-1,009","0,159",,"0,583","4,948","-1,160","0,146",,"0,583","5,080","-0,994","0,280"
"-1,592","-5,009","-0,322",,"1,812","-1,592","-5,009","-0,255",,"3,102","-0,261","-1,837","-5,437",,"0,600","5,022","-0,777","0,159",,"0,600","4,929","-1,132","0,144",,"0,600","5,064","-1,019","0,282"
"-1,510","-4,884","-0,316",,"1,829","-1,510","-4,882","-0,245",,"3,119","-0,257","-1,930","-5,532",,"0,616","5,010","-0,802","0,159",,"0,616","4,911","-1,245","0,140",,"0,616","5,046","-1,064","0,284"
"-1,429","-4,817","-0,310",,"1,846","-1,429","-4,817","-0,239",,"3,135","-0,251","-2,022","-5,824",,"0,633","4,995","-0,884","0,159",,"0,633","4,888","-1,245","0,136",,"0,633","5,029","-1,046","0,287"
"-1,350","-4,750","-0,303",,"1,862","-1,350","-4,752","-0,237",,"3,152","-0,244","-2,124","-5,918",,"0,650","4,980","-0,990","0,160",,"0,650","4,869","-1,245","0,129",,"0,650","5,011","-1,029","0,291"
"-1,271","-4,556","-0,295",,"1,879","-1,271","-4,558","-0,231",,"3,169","-0,237","-2,219","-6,016",,"0,666","4,962","-0,820","0,160",,"0,666","4,847","-1,273","0,126",,"0,666","4,994","-0,944","0,294"
"-1,198","-4,416","-0,288",,"1,896","-1,198","-4,417","-0,226",,"3,185","-0,232","-2,324","-6,390",,"0,683","4,953","-0,851","0,161",,"0,683","4,827","-1,126","0,121",,"0,683","4,980","-0,969","0,298"
"-1,124","-4,462","-0,282",,"1,929","-1,124","-4,460","-0,221",,"3,202","-0,226","-2,432","-6,155",,"0,700","4,934","-1,028","0,159",,"0,700","4,809","-1,104","0,117",,"0,700","4,962","-0,970","0,302"
"-1,049","-4,166","-0,282",,"1,912","-1,049","-4,164","-0,215",,"3,219","-0,222","-2,529","-6,004",,"0,716","4,919","-0,991","0,160",,"0,716","4,790","-1,195","0,111",,"0,716","4,948","-1,045","0,306"
"-0,985","-3,834","-0,276",,"1,946","-0,985","-3,833","-0,209",,"3,235","-0,213","-2,632","-6,305",,"0,733","4,901","-1,078","0,160",,"0,733","4,769","-1,180","0,106",,"0,733","4,927","-1,199","0,308"
"-0,921","-3,736","-0,271",,"1,962","-0,921","-3,736","-0,201",,"3,252","-0,203","-2,739","-6,354",,"0,750","4,883","-1,103","0,160",,"0,750","4,751","-1,096","0,102",,"0,750","4,908","-1,010","0,313"
"-0,861","-3,790","-0,267",,"1,979","-0,861","-3,792","-0,196",,"3,269","-0,197","-2,843","-6,507",,"0,766","4,864","-1,103","0,160",,"0,766","4,733","-1,112","0,097",,"0,766","4,894","-1,065","0,318"
"-0,795","-3,778","-0,259",,"1,996","-0,795","-3,778","-0,188",,"3,285","-0,189","-2,956","-6,716",,"0,783","4,846","-1,003","0,160",,"0,783","4,714","-1,123","0,091",,"0,783","4,872","-1,221","0,322"
"-0,735","-3,500","-0,255",,"2,012","-0,735","-3,500","-0,178",,"3,302","-0,195","-3,067","-6,646",,"0,799","4,831","-1,002","0,161",,"0,799","4,695","-1,132","0,085",,"0,799","4,853","-1,221","0,326"
"-0,679","-3,328","-0,245",,"2,029","-0,679","-3,328","-0,173",,"3,318","-0,183","-3,177","-6,512",,"0,816","4,812","-1,052","0,163",,"0,816","4,676","-1,119","0,079",,"0,816","4,831","-1,253","0,330"
"-0,624","-3,319","-0,239",,"2,062","-0,624","-3,319","-0,163",,"3,335","-0,180","-3,284","-6,655",,"0,833","4,796","-1,028","0,164",,"0,833","4,658","-1,187","0,075",,"0,833","4,811","-1,316","0,333"
"-0,568","-3,198","-0,237",,"2,046","-0,568","-3,198","-0,154",,"3,352","-0,171","-3,399","-7,173",,"0,849","4,778","-1,103","0,164",,"0,850","4,636","-1,133","0,070",,"0,849","4,788","-1,189","0,335"
"-0,517","-2,870","-0,231",,"2,079","-0,517","-2,872","-0,149",,"3,368","-0,166","-3,523","-7,189",,"0,866","4,759","-0,952","0,165",,"0,866","4,620","-1,020","0,066",,"0,866","4,771","-1,060","0,342"
"-0,472","-2,704","-0,226",,"2,096","-0,472","-2,704","-0,139",,"3,385","-0,163","-3,638","-7,265",,"0,883","4,747","-0,882","0,166",,"0,883","4,602","-1,047","0,061",,"0,883","4,752","-1,124","0,342"
"-0,427","-2,583","-0,221",,"2,112","-0,427","-2,581","-0,132",,"3,402","-0,159","-3,765","-7,299",,"0,899","4,730","-1,073","0,168",,"0,899","4,585","-1,047","0,058",,"0,899","4,734","-1,382","0,347"
"-0,386","-2,387","-0,215",,"2,129","-0,386","-2,387","-0,126",,"3,418","-0,148","-3,882","-7,043",,"0,916","4,711","-1,073","0,170",,"0,916","4,567","-1,104","0,056",,"0,916","4,706","-1,413","0,351"
"-0,348","-2,311","-0,209",,"2,145","-0,348","-2,312",,,"3,435","-0,142","-4,000","-7,360",,"0,933","4,694","-0,982","0,173",,"0,933","4,549","-1,104","0,051",,"0,933","4,687","-1,156","0,353"
"-0,309","-2,172","-0,201",,"2,162","-0,309","-2,172",,,"3,452","-0,138","-4,127","-7,379",,"0,949","4,678","-0,948","0,174",,"0,949","4,531","-1,075","0,049",,"0,949","4,668","-1,284","0,356"
"-0,275","-2,106","-0,196",,"2,179","-0,275","-2,105",,,"3,468","-0,131","-4,245","-7,674",,"0,966","4,662","-1,078","0,177",,"0,966","4,513","-1,080","0,047",,"0,966","4,644","-1,288","0,358"
"-0,239","-1,910","-0,188",,"2,195","-0,239","-1,911",,,"3,485","-0,124","-4,382","-7,711",,"0,983","4,642","-1,099","0,180",,"0,983","4,495","-1,081","0,043",,"0,983","4,625","-1,066","0,360"
"-0,212","-1,576","-0,178",,"2,212","-0,212","-1,576",,,"3,502","-0,115","-4,502","-7,456",,"0,999","4,626","-1,024","0,183",,"0,999","4,477","-0,986","0,042",,"0,999","4,609","-1,146","0,362"
"-0,187","-1,509","-0,173",,"2,229","-0,187","-1,509",,,"3,518","-0,109","-4,631","-8,132",,"1,016","4,608","-1,135","0,186",,"1,016","4,462","-1,041","0,041",,"1,016","4,587","-1,278","0,364"
"-0,162","-1,339","-0,163",,"2,245","-0,162","-1,339",,,"3,535","-0,097","-4,773","-8,188",,"1,033","4,588","-1,135","0,187",,"1,033","4,442","-1,076","0,040",,"1,033","4,566","-1,256","0,366"
"-0,142","-1,088","-0,154",,"2,262","-0,142","-1,087",,,"3,552","-0,099","-4,903","-8,144",,"1,049","4,570","-1,063","0,193",,"1,049","4,426","-1,104","0,038",,"1,049","4,545","-1,284","0,367"
"-0,125","-1,006","-0,149",,"2,279","-0,125","-1,006",,,"3,568","-0,086","-5,044","-7,789",,"1,066","4,553","-1,028","0,197",,"1,066","4,405","-1,245","0,038",,"1,066","4,523","-1,315","0,370"
"-0,109","-0,947","-0,139",,"2,295","-0,109","-0,947",,,"3,585","-0,082","-5,163","-7,997",,"1,083","4,536","-1,135","0,200",,"1,083","4,385","-1,217","0,037",,"1,083","4,501","-1,309","0,369"
"-0,094","-0,610","-0,132",,"2,312","-0,094","-0,610",,,"3,602","-0,071","-5,311","-8,420",,"1,099","4,515","-1,205","0,204",,"1,099","4,365","-1,217","0,038",,"1,099","4,480","-1,188","0,371"
"-0,088","-0,348","-0,126",,"2,329","-0,088","-0,348",,,"3,618",,"-7,458","-0,126",,"1,116","4,496","-0,958","0,212",,"1,116","4,344","-1,160","0,037",,"1,116","4,461","-1,352","0,372"
,"-0,435","-0,117",,,"-0,082","-0,435",,,"2,336","-5,362","-7,458","-0,117",,"1,133","4,483","-0,957","0,214",,"1,133","4,326","-1,132","0,037",,"1,133","4,435","-1,561","0,371"
,,,,,"-0,074",,,,"2,352",,,"-0,110",,"1,149","4,464","-1,157","0,218",,"1,149","4,306","-1,160","0,036",,"1,149","4,409","-1,423","0,374"
,,,,,,,,,,,,,,"1,166","4,444","-1,167","0,224",,"1,166","4,288","-1,104","0,038",,"1,166","4,387","-1,298","0,374"
,,,,,,,,,,,,,,"1,183","4,425","-1,041","0,229",,"1,183","4,270","-1,160","0,038",,"1,183","4,366","-1,349","0,375"
,,,,,,,,,,,,,,"1,199","4,410","-1,003","0,232",,"1,199","4,249","-1,273","0,038",,"1,199","4,342","-1,310","0,374"
,,,,,,,,,,,,,,"1,216","4,392","-1,062","0,240",,"1,216","4,227","-1,273","0,041",,"1,216","4,322","-1,323","0,375"
,,,,,,,,,,,,,,"1,233","4,374","-0,915","0,246",,"1,233","4,206","-1,245","0,043",,"1,233","4,298","-1,312","0,376"
,,,,,,,,,,,,,,"1,249","4,361","-0,955","0,253",,"1,249","4,186","-1,245","0,045",,"1,249","4,279","-1,324","0,378"
,,,,,,,,,,,,,,"1,266","4,342","-1,064","0,260",,"1,266","4,165","-1,330","0,046",,"1,266","4,254","-1,323","0,379"
,,,,,,,,,,,,,,"1,283","4,326","-1,067","0,264",,"1,283","4,141","-1,302","0,048",,"1,283","4,235","-1,272","0,378"
,,,,,,,,,,,,,,"1,299","4,307","-1,079","0,272",,"1,299","4,122","-1,207","0,050",,"1,299","4,212","-1,247","0,380"
,,,,,,,,,,,,,,"1,316","4,290","-0,988","0,278",,"1,316","4,101","-1,196","0,057",,"1,316","4,193","-1,223","0,380"
,,,,,,,,,,,,,,"1,332","4,274","-1,084","0,286",,"1,332","4,082","-1,438","0,058",,"1,332","4,171","-1,248","0,383"
,,,,,,,,,,,,,,"1,349","4,254","-1,033","0,296",,"1,349","4,053","-1,482","0,063",,"1,349","4,152","-1,196","0,383"
,,,,,,,,,,,,,,"1,366","4,240","-0,957","0,301",,"1,366","4,032","-1,459","0,067",,"1,366","4,131","-1,222","0,384"
,,,,,,,,,,,,,,"1,382","4,222","-1,135","0,309",,"1,382","4,005","-1,393","0,071",,"1,382","4,111","-1,221","0,384"
,,,,,,,,,,,,,,"1,399","4,202","-1,205","0,317",,"1,399","3,986","-1,301","0,078",,"1,399","4,091","-1,171","0,384"
,,,,,,,,,,,,,,"1,416","4,182","-1,116","0,324",,"1,416","3,961","-1,362","0,083",,"1,416","4,072","-1,091","0,385"
,,,,,,,,,,,,,,"1,432","4,165","-0,990","0,331",,"1,432","3,941","-1,359","0,087",,"1,432","4,054","-1,197","0,389"
,,,,,,,,,,,,,,"1,449","4,149","-0,976","0,338",,"1,449","3,916","-1,424","0,095",,"1,449","4,032","-1,283","0,389"
,,,,,,,,,,,,,,"1,466","4,132","-1,209","0,344",,"1,466","3,893","-1,358","0,099",,"1,466","4,011","-1,248","0,390"
,,,,,,,,,,,,,,"1,482","4,108","-1,179","0,351",,"1,482","3,871","-1,303","0,104",,"1,482","3,990","-1,141","0,393"
,,,,,,,,,,,,,,"1,499","4,093","-0,997","0,359",,"1,499","3,850","-1,531","0,111",,"1,499","3,973","-1,070","0,393"
,,,,,,,,,,,,,,"1,516","4,075","-0,912","0,365",,"1,516","3,820","-1,405","0,115",,"1,516","3,955","-1,148","0,397"
,,,,,,,,,,,,,,"1,532","4,062","-0,917","0,373",,"1,532","3,803","-1,129","0,119",,"1,532","3,935","-1,123","0,401"
,,,,,,,,,,,,,,"1,549","4,045","-1,018","0,379",,"1,549","3,782","-1,216","0,123",,"1,549","3,917","-1,122","0,404"
,,,,,,,,,,,,,,"1,566","4,028","-1,063","0,384",,"1,566","3,762","-1,302","0,128",,"1,566","3,898","-1,120","0,405"
,,,,,,,,,,,,,,"1,582","4,009","-1,038","0,390",,"1,582","3,739","-1,274","0,130",,"1,582","3,880","-0,968","0,407"
,,,,,,,,,,,,,,"1,599","3,994","-1,064","0,396",,"1,599","3,720","-1,207","0,132",,"1,599","3,866","-0,994","0,409"
,,,,,,,,,,,,,,"1,616","3,974","-1,217","0,401",,"1,616","3,699","-1,273","0,136",,"1,616","3,847","-1,046","0,411"
,,,,,,,,,,,,,,"1,632","3,953","-1,066","0,410",,"1,632","3,678","-1,226","0,137",,"1,632","3,831","-1,046","0,416"
,,,,,,,,,,,,,,"1,649","3,938","-1,028","0,414",,"1,649","3,658","-1,302","0,140",,"1,649","3,812","-1,097","0,419"
,,,,,,,,,,,,,,"1,666","3,919","-1,132","0,420",,"1,666","3,634","-1,358","0,141",,"1,666","3,794","-0,986","0,422"
,,,,,,,,,,,,,,"1,682","3,901","-1,088","0,427",,"1,682","3,613","-1,330","0,145",,"1,682","3,779","-1,019","0,426"
,,,,,,,,,,,,,,"1,699","3,883","-1,123","0,433",,"1,699","3,590","-1,330","0,147",,"1,699","3,760","-1,054","0,428"
,,,,,,,,,,,,,,"1,716","3,863","-1,018","0,437",,"1,716","3,568","-1,358","0,150",,"1,716","3,744","-1,071","0,431"
,,,,,,,,,,,,,,"1,732","3,849","-1,003","0,442",,"1,732","3,545","-1,342","0,152",,"1,732","3,725","-1,173","0,434"
,,,,,,,,,,,,,,"1,749","3,830","-1,203","0,445",,"1,749","3,524","-1,302","0,156",,"1,749","3,705","-1,097","0,438"
,,,,,,,,,,,,,,"1,766","3,809","-1,103","0,451",,"1,766","3,501","-1,302","0,156",,"1,766","3,688","-1,046","0,442"
,,,,,,,,,,,,,,"1,782","3,793","-0,977","0,455",,"1,782","3,480","-1,415","0,160",,"1,782","3,670","-1,087","0,446"
,,,,,,,,,,,,,,"1,799","3,776","-1,052","0,458",,"1,799","3,454","-1,348","0,162",,"1,799","3,652","-1,067","0,451"
,,,,,,,,,,,,,,"1,816","3,758","-1,128","0,463",,"1,816","3,435","-1,241","0,165",,"1,816","3,635","-1,106","0,455"
,,,,,,,,,,,,,,"1,832","3,739","-1,073","0,465",,"1,832","3,413","-1,438","0,166",,"1,832","3,615","-1,060","0,457"
,,,,,,,,,,,,,,"1,849","3,722","-1,099","0,470",,"1,849","3,387","-1,417","0,169",,"1,849","3,599","-1,079","0,460"
,,,,,,,,,,,,,,"1,865","3,702","-1,099","0,471",,"1,866","3,366","-1,419","0,171",,"1,865","3,579","-1,188","0,462"
,,,,,,,,,,,,,,"1,882","3,686","-1,107","0,477",,"1,882","3,340","-1,388","0,173",,"1,882","3,560","-1,189","0,465"
,,,,,,,,,,,,,,"1,899","3,665","-1,135","0,479",,"1,899","3,319","-1,367","0,175",,"1,899","3,539","-1,147","0,467"
,,,,,,,,,,,,,,"1,915","3,648","-1,228","0,480",,"1,915","3,295","-1,373","0,178",,"1,915","3,522","-1,019","0,469"
,,,,,,,,,,,,,,"1,932","3,624","-1,306","0,484",,"1,932","3,274","-1,213","0,178",,"1,932","3,506","-1,101","0,470"
,,,,,,,,,,,,,,"1,949","3,604","-1,178","0,487",,"1,949","3,254","-1,168","0,181",,"1,949","3,485","-1,273","0,472"
,,,,,,,,,,,,,,"1,965","3,585","-1,203","0,490",,"1,965","3,235","-1,348","0,181",,"1,965","3,463","-1,267","0,473"
,,,,,,,,,,,,,,"1,982","3,564","-1,202","0,494",,"1,982","3,209","-1,364","0,186",,"1,982","3,443","-1,044","0,474"
,,,,,,,,,,,,,,"1,999","3,545","-1,143","0,496",,"1,999","3,189","-1,336","0,187",,"1,999","3,428","-1,070","0,476"
,,,,,,,,,,,,,,"2,015","3,526","-1,204","0,498",,"2,015","3,165","-1,415","0,188",,"2,015","3,407","-1,247","0,476"
,,,,,,,,,,,,,,"2,032","3,505","-1,205","0,500",,"2,032","3,142","-1,302","0,190",,"2,032","3,387","-1,196","0,475"
,,,,,,,,,,,,,,"2,049","3,486","-1,203","0,503",,"2,049","3,121","-1,245","0,192",,"2,049","3,367","-1,145","0,476"
,,,,,,,,,,,,,,"2,065","3,465","-1,241","0,506",,"2,065","3,101","-1,315","0,196",,"2,065","3,349","-1,119","0,475"
,,,,,,,,,,,,,,"2,082","3,445","-1,178","0,509",,"2,082","3,078","-1,387","0,202",,"2,082","3,330","-1,043","0,474"
,,,,,,,,,,,,,,"2,099","3,426","-1,323","0,509",,"2,099","3,055","-1,402","0,205",,"2,099","3,314","-1,169","0,475"
,,,,,,,,,,,,,,"2,115","3,401","-1,353","0,511",,"2,115","3,031","-1,358","0,208",,"2,115","3,291","-1,220","0,473"
,,,,,,,,,,,,,,"2,132","3,381","-1,087","0,512",,"2,132","3,009","-1,330","0,211",,"2,132","3,273","-1,195","0,471"
,,,,,,,,,,,,,,"2,149","3,364","-1,230","0,513",,"2,149","2,987","-1,415","0,215",,"2,149","3,251","-1,093","0,469"
,,,,,,,,,,,,,,"2,165","3,340","-1,319","0,513",,"2,165","2,962","-1,358","0,220",,"2,165","3,237","-1,042","0,467"
,,,,,,,,,,,,,,"2,182","3,320","-1,301","0,515",,"2,182","2,941","-1,217","0,222",,"2,182","3,217","-1,194","0,465"
,,,,,,,,,,,,,,"2,199","3,296","-1,411","0,515",,"2,199","2,922","-1,330","0,227",,"2,199","3,197","-1,219","0,463"
,,,,,,,,,,,,,,"2,215","3,273","-1,252","0,516",,"2,215","2,897","-1,415","0,233",,"2,215","3,176","-1,193","0,460"
,,,,,,,,,,,,,,"2,232","3,255","-1,221","0,518",,"2,232","2,874","-1,443","0,237",,"2,232","3,157","-1,142","0,457"
,,,,,,,,,,,,,,"2,249","3,233","-1,330","0,517",,"2,249","2,849","-1,358","0,241",,"2,249","3,138","-1,117","0,454"
,,,,,,,,,,,,,,"2,265","3,210","-1,261","0,517",,"2,265","2,829","-1,245","0,247",,"2,265","3,120","-1,041","0,451"
,,,,,,,,,,,,,,"2,282","3,191","-1,258","0,518",,"2,282","2,808","-1,415","0,252",,"2,282","3,103","-1,066","0,447"
,,,,,,,,,,,,,,"2,299","3,168","-1,371","0,517",,"2,299","2,782","-1,500","0,257",,"2,299","3,085","-1,117","0,443"
,,,,,,,,,,,,,,"2,315","3,145","-1,424","0,518",,"2,315","2,758","-1,556","0,261",,"2,315","3,066","-1,143","0,440"
,,,,,,,,,,,,,,"2,332","3,121","-1,354","0,519",,"2,332","2,730","-1,443","0,268",,"2,332","3,047","-1,085","0,437"
,,,,,,,,,,,,,,"2,349","3,100","-1,328","0,518",,"2,349","2,710","-1,472","0,275",,"2,349","3,030","-1,156","0,433"
,,,,,,,,,,,,,,"2,365","3,077","-1,303","0,519",,"2,365","2,681","-1,617","0,280",,"2,365","3,008","-1,153","0,428"
,,,,,,,,,,,,,,"2,382","3,057","-1,253","0,519",,"2,382","2,656","-1,487","0,287",,"2,382","2,992","-1,086","0,424"
,,,,,,,,,,,,,,"2,398","3,035","-1,362","0,520",,"2,398","2,632","-1,393","0,293",,"2,398","2,972","-1,197","0,419"
,,,,,,,,,,,,,,"2,415","3,011","-1,253","0,519",,"2,415","2,609","-1,541","0,298",,"2,415","2,952","-1,129","0,416"
,,,,,,,,,,,,,,"2,432","2,993","-1,069","0,520",,"2,432","2,580","-1,490","0,304",,"2,432","2,934","-1,041","0,412"
,,,,,,,,,,,,,,"2,448","2,976","-1,053","0,519",,"2,448","2,560","-1,472","0,309",,"2,448","2,917","-1,040","0,408"
,,,,,,,,,,,,,,"2,465","2,958","-1,103","0,519",,"2,465","2,531","-1,472","0,317",,"2,465","2,900","-1,108","0,405"
,,,,,,,,,,,,,,"2,482","2,939","-1,134","0,520",,"2,482","2,511","-1,415","0,321",,"2,482","2,880","-1,153","0,401"
,,,,,,,,,,,,,,"2,498","2,920","-1,228","0,520",,"2,498","2,484","-1,531","0,327",,"2,498","2,861","-1,018","0,396"
,,,,,,,,,,,,,,"2,515","2,898","-1,322","0,518",,"2,515","2,460","-1,412","0,335",,"2,515","2,846","-1,085","0,394"
,,,,,,,,,,,,,,"2,532","2,876","-1,244","0,519",,"2,532","2,437","-1,526","0,338",,"2,532","2,825","-1,153","0,388"
,,,,,,,,,,,,,,"2,548","2,857","-1,195","0,517",,"2,548","2,409","-1,587","0,345",,"2,548","2,808","-1,039","0,385"
,,,,,,,,,,,,,,"2,565","2,836","-1,241","0,517",,"2,565","2,384","-1,350","0,354",,"2,565","2,790","-1,084","0,380"
,,,,,,,,,,,,,,"2,582","2,815","-1,261","0,516",,"2,582","2,364","-1,472","0,358",,"2,582","2,772","-1,012","0,375"
,,,,,,,,,,,,,,"2,598","2,794","-1,174","0,515",,"2,598","2,335","-1,621","0,365",,"2,598","2,757","-0,926","0,371"
,,,,,,,,,,,,,,"2,615","2,776","-1,128","0,514",,"2,615","2,310","-1,500","0,371",,"2,615","2,741","-1,000","0,367"
,,,,,,,,,,,,,,"2,632","2,757","-1,178","0,514",,"2,632","2,285","-1,387","0,378",,"2,632","2,723","-1,062","0,364"
,,,,,,,,,,,,,,"2,648","2,737","-0,978","0,514",,"2,648","2,264","-1,443","0,384",,"2,648","2,705","-1,130","0,360"
,,,,,,,,,,,,,,"2,665","2,724","-1,003","0,514",,"2,665","2,237","-1,472","0,388",,"2,665","2,686","-1,108","0,356"
,,,,,,,,,,,,,,"2,682","2,703","-1,313","0,511",,"2,682","2,215","-1,443","0,395",,"2,682","2,668","-0,972","0,352"
,,,,,,,,,,,,,,"2,698","2,681","-1,253","0,512",,"2,698","2,189","-1,449","0,401",,"2,698","2,653","-1,017","0,350"
,,,,,,,,,,,,,,"2,715","2,662","-1,143","0,512",,"2,715","2,166","-1,449","0,407",,"2,715","2,635","-1,055","0,345"
,,,,,,,,,,,,,,"2,732","2,642","-1,153","0,511",,"2,732","2,141","-1,550","0,412",,"2,732","2,618","-0,995","0,343"
,,,,,,,,,,,,,,"2,748","2,623","-1,178","0,509",,"2,748","2,115","-1,465","0,415",,"2,748","2,601","-0,957","0,340"
,,,,,,,,,,,,,,"2,765","2,603","-1,128","0,509",,"2,765","2,092","-1,414","0,420",,"2,765","2,586","-1,040","0,337"
,,,,,,,,,,,,,,"2,782","2,586","-1,102","0,508",,"2,782","2,068","-1,444","0,425",,"2,782","2,567","-1,153","0,332"
,,,,,,,,,,,,,,"2,798","2,566","-1,028","0,507",,"2,798","2,044","-1,472","0,431",,"2,798","2,548","-0,972","0,329"
,,,,,,,,,,,,,,"2,815","2,551","-1,078","0,507",,"2,815","2,019","-1,494","0,435",,"2,815","2,534","-0,896","0,326"
,,,,,,,,,,,,,,"2,832","2,531","-1,153","0,505",,"2,832","1,994","-1,387","0,440",,"2,832","2,518","-1,063","0,324"
,,,,,,,,,,,,,,"2,848","2,513","-1,103","0,504",,"2,848","1,972","-1,392","0,443",,"2,848","2,499","-1,054","0,319"
,,,,,,,,,,,,,,"2,865","2,494","-1,228","0,502",,"2,865","1,948","-1,410","0,448",,"2,865","2,483","-1,062","0,315"
,,,,,,,,,,,,,,"2,882","2,472","-1,203","0,502",,"2,881","1,925","-1,302","0,452",,"2,881","2,464","-1,057","0,312"
,,,,,,,,,,,,,,"2,898","2,454","-1,027","0,501",,"2,898","1,904","-1,364","0,456",,"2,898","2,448","-1,063","0,310"
,,,,,,,,,,,,,,"2,915","2,438","-1,003","0,499",,"2,915","1,880","-1,500","0,460",,"2,915","2,428","-1,199","0,306"
,,,,,,,,,,,,,,"2,931","2,420","-1,053","0,499",,"2,931","1,855","-1,528","0,466",,"2,931","2,408","-1,063","0,303"
,,,,,,,,,,,,,,"2,948","2,403","-1,195","0,494",,"2,948","1,829","-1,472","0,467",,"2,948","2,393","-0,996","0,299"
,,,,,,,,,,,,,,"2,965","2,381","-1,278","0,496",,"2,965","1,805","-1,414","0,473",,"2,965","2,375","-1,064","0,297"
,,,,,,,,,,,,,,"2,981","2,360","-1,060","0,490",,"2,981","1,782","-1,387","0,475",,"2,981","2,357","-1,085","0,294"
,,,,,,,,,,,,,,"2,998","2,345","-0,915","0,489",,"2,998","1,759","-1,302","0,480",,"2,998","2,338","-1,176","0,289"
,,,,,,,,,,,,,,"3,015","2,330","-0,952","0,487",,"3,015","1,739","-1,301","0,485",,"3,015","2,318","-1,290","0,287"
,,,,,,,,,,,,,,"3,031","2,313","-1,099","0,484",,"3,031","1,716","-1,358","0,486",,"3,031","2,296","-1,154","0,283"
,,,,,,,,,,,,,,"3,048","2,293","-1,228","0,483",,"3,048","1,693","-1,415","0,492",,"3,048","2,280","-1,086","0,281"
,,,,,,,,,,,,,,"3,065","2,273","-1,069","0,479",,"3,065","1,669","-1,434","0,496",,"3,065","2,259","-1,176","0,278"
,,,,,,,,,,,,,,"3,081","2,258","-1,053","0,475",,"3,081","1,646","-1,301","0,498",,"3,081","2,241","-1,131","0,275"
,,,,,,,,,,,,,,"3,098","2,238","-1,153","0,472",,"3,098","1,625","-1,396","0,503",,"3,098","2,222","-1,176","0,272"
,,,,,,,,,,,,,,"3,115","2,219","-1,131","0,468",,"3,115","1,599","-1,418","0,507",,"3,115","2,201","-1,176","0,268"
,,,,,,,,,,,,,,"3,131","2,200","-1,103","0,464",,"3,131","1,578","-1,189","0,513",,"3,131","2,182","-1,245","0,266"
,,,,,,,,,,,,,,"3,148","2,182","-1,025","0,459",,"3,148","1,559","-1,123","0,516",,"3,148","2,160","-1,245","0,265"
,,,,,,,,,,,,,,"3,165","2,166","-1,028","0,452",,"3,165","1,541","-1,330","0,516",,"3,165","2,141","-1,177","0,262"
,,,,,,,,,,,,,,"3,181","2,148","-1,077","0,448",,"3,181","1,515","-1,279","0,523",,"3,181","2,121","-1,132","0,260"
,,,,,,,,,,,,,,"3,198","2,130","-1,103","0,442",,"3,198","1,498","-1,302","0,526",,"3,198","2,103","-1,200","0,257"
,,,,,,,,,,,,,,"3,215","2,111","-1,078","0,438",,"3,215","1,472","-1,415","0,531",,"3,215","2,081","-1,313","0,255"
,,,,,,,,,,,,,,"3,231","2,094","-1,140","0,433",,"3,231","1,451","-1,330","0,533",,"3,231","2,060","-1,290","0,253"
,,,,,,,,,,,,,,"3,248","2,073","-1,153","0,429",,"3,248","1,427","-1,259","0,536",,"3,248","2,038","-1,336","0,252"
,,,,,,,,,,,,,,"3,265","2,055","-1,099","0,424",,"3,265","1,409","-1,330","0,539",,"3,265","2,015","-1,313","0,250"
,,,,,,,,,,,,,,"3,281","2,037","-1,128","0,419",,"3,281","1,383","-1,401","0,541",,"3,281","1,994","-1,245","0,248"
,,,,,,,,,,,,,,"3,298","2,018","-1,099","0,413",,"3,298","1,362","-1,217","0,545",,"3,298","1,974","-1,223","0,246"
,,,,,,,,,,,,,,"3,315","2,000","-1,128","0,407",,"3,315","1,343","-1,217","0,545",,"3,315","1,953","-1,224","0,245"
,,,,,,,,,,,,,,"3,331","1,980","-1,124","0,400",,"3,331","1,322","-1,188","0,546",,"3,331","1,933","-1,224","0,245"
,,,,,,,,,,,,,,"3,348","1,963","-1,069","0,397",,"3,348","1,303","-1,188","0,547",,"3,348","1,912","-1,200","0,243"
,,,,,,,,,,,,,,"3,365","1,945","-0,968","0,393",,"3,365","1,282","-1,330","0,546",,"3,365","1,893","-1,314","0,242"
,,,,,,,,,,,,,,"3,381","1,931","-1,061","0,388",,"3,381","1,259","-1,217","0,547",,"3,381","1,869","-1,334","0,242"
,,,,,,,,,,,,,,"3,398","1,909","-1,187","0,381",,"3,398","1,242","-1,160","0,545",,"3,398","1,848","-1,154","0,241"
,,,,,,,,,,,,,,"3,414","1,891","-1,103","0,376",,"3,414","1,220","-1,188","0,545",,"3,414","1,830","-1,295","0,241"
,,,,,,,,,,,,,,"3,431","1,873","-1,203","0,370",,"3,431","1,202","-1,104","0,543",,"3,431","1,805","-1,338","0,241"
,,,,,,,,,,,,,,"3,448","1,851","-1,053","0,366",,"3,448","1,183","-1,104","0,542",,"3,448","1,786","-1,178","0,240"
,,,,,,,,,,,,,,"3,464","1,838","-0,927","0,362",,"3,464","1,165","-1,273","0,540",,"3,464","1,766","-1,337","0,239"
,,,,,,,,,,,,,,"3,481","1,820","-1,078","0,357",,"3,481","1,141","-1,245","0,538",,"3,481","1,741","-1,360","0,240"
,,,,,,,,,,,,,,"3,498","1,802","-1,103","0,352",,"3,498","1,124","-1,132","0,536",,"3,498","1,721","-1,179","0,239"
,,,,,,,,,,,,,,"3,514","1,783","-0,988","0,347",,"3,514","1,103","-1,245","0,533",,"3,514","1,702","-1,297","0,239"
,,,,,,,,,,,,,,"3,531","1,769","-1,110","0,344",,"3,531","1,082","-1,302","0,531",,"3,531","1,677","-1,340","0,239"
,,,,,,,,,,,,,,"3,548","1,746","-1,218","0,338",,"3,548","1,060","-1,245","0,528",,"3,548","1,657","-1,287","0,241"
,,,,,,,,,,,,,,"3,564","1,728","-1,021","0,334",,"3,564","1,041","-1,217","0,525",,"3,564","1,635","-1,217","0,239"
,,,,,,,,,,,,,,"3,581","1,712","-1,027","0,332",,"3,581","1,019","-1,189","0,521",,"3,581","1,617","-1,156","0,238"
,,,,,,,,,,,,,,"3,598","1,694","-1,036","0,327",,"3,598","1,001","-1,160","0,518",,"3,598","1,596","-1,252","0,240"
,,,,,,,,,,,,,,"3,614","1,678","-1,052","0,327",,"3,614","0,981","-1,302","0,516",,"3,614","1,575","-1,404","0,240"
,,,,,,,,,,,,,,"3,631","1,659","-1,135","0,322",,"3,631","0,958","-1,217","0,511",,"3,631","1,549","-1,314","0,240"
,,,,,,,,,,,,,,"3,648","1,640","-1,103","0,316",,"3,648","0,940","-1,193","0,508",,"3,648","1,531","-1,180","0,239"
,,,,,,,,,,,,,,"3,664","1,622","-1,099","0,316",,"3,664","0,918","-1,132","0,504",,"3,664","1,510","-1,224","0,239"
,,,,,,,,,,,,,,"3,681","1,603","-1,059","0,315",,"3,681","0,902","-1,168","0,499",,"3,681","1,490","-1,292","0,239"
,,,,,,,,,,,,,,"3,698","1,587","-0,957","0,311",,"3,698","0,879","-1,410","0,494",,"3,698","1,467","-1,276","0,238"
,,,,,,,,,,,,,,"3,714","1,572","-1,099","0,309",,"3,714","0,855","-1,213","0,489",,"3,714","1,448","-1,312","0,238"
,,,,,,,,,,,,,,"3,731","1,550","-1,276","0,305",,"3,731","0,839","-1,051","0,488",,"3,731","1,423","-1,398","0,238"
,,,,,,,,,,,,,,"3,748","1,529","-1,064","0,307",,"3,748","0,820","-1,208","0,485",,"3,748","1,401","-1,318","0,238"
,,,,,,,,,,,,,,"3,764","1,515","-1,013","0,307",,"3,764","0,799","-1,374","0,480",,"3,764","1,379","-1,406","0,238"
,,,,,,,,,,,,,,"3,781","1,495","-1,170","0,306",,"3,781","0,775","-1,273","0,473",,"3,781","1,354","-1,375","0,239"
,,,,,,,,,,,,,,"3,798","1,476","-1,114","0,304",,"3,798","0,756","-1,116","0,471",,"3,798","1,334","-1,236","0,239"
,,,,,,,,,,,,,,"3,814","1,458","-1,205","0,305",,"3,814","0,737","-1,247","0,469",,"3,814","1,313","-1,550","0,239"
,,,,,,,,,,,,,,"3,831","1,436","-1,099","0,304",,"3,831","0,715","-1,085","0,465",,"3,831","1,282","-1,551","0,239"
,,,,,,,,,,,,,,"3,848","1,422","-0,993","0,305",,"3,848","0,701","-0,898","0,461",,"3,848","1,262","-1,450","0,238"
,,,,,,,,,,,,,,"3,864","1,403","-1,276","0,307",,"3,864","0,685","-1,207","0,456",,"3,864","1,234","-1,542","0,237"
,,,,,,,,,,,,,,"3,881","1,379","-1,170","0,309",,"3,881","0,661","-1,168","0,455",,"3,881","1,210","-1,519","0,238"
,,,,,,,,,,,,,,"3,898","1,364","-0,972","0,314",,"3,898","0,646","-1,104","0,450",,"3,898","1,183","-1,520","0,238"
,,,,,,,,,,,,,,"3,914","1,347","-1,087","0,314",,"3,914","0,624","-1,271","0,450",,"3,914","1,160","-1,429","0,239"
,,,,,,,,,,,,,,"3,931","1,327","-1,203","0,317",,"3,931","0,604","-1,104","0,448",,"3,931","1,135","-1,384","0,240"
,,,,,,,,,,,,,,"3,947","1,307","-1,146","0,321",,"3,947","0,588","-0,885","0,446",,"3,947","1,114","-1,519","0,241"
,,,,,,,,,,,,,,"3,964","1,289","-1,078","0,324",,"3,964","0,574","-0,962","0,443",,"3,964","1,085","-1,655","0,241"
,,,,,,,,,,,,,,"3,981","1,271","-1,085","0,326",,"3,981","0,556","-1,123","0,442",,"3,981","1,058","-1,449","0,243"
,,,,,,,,,,,,,,"3,997","1,253","-1,078","0,331",,"3,997","0,537","-1,019","0,441",,"3,997","1,037","-1,521","0,243"
,,,,,,,,,,,,,,"4,014","1,235","-1,184","0,334",,"4,014","0,522","-0,907","0,440",,"4,014","1,008","-1,636","0,244"
,,,,,,,,,,,,,,"4,031","1,214","-1,271","0,340",,"4,031","0,507","-0,990","0,437",,"4,031","0,982","-1,540","0,245"
,,,,,,,,,,,,,,"4,047","1,192","-1,046","0,346",,"4,047","0,489","-0,980","0,437",,"4,047","0,956","-1,656","0,246"
,,,,,,,,,,,,,,"4,064","1,179","-1,010","0,349",,"4,064","0,474","-0,934","0,435",,"4,064","0,927","-1,634","0,248"
,,,,,,,,,,,,,,"4,081","1,159","-1,078","0,355",,"4,081","0,457","-0,972","0,435",,"4,081","0,902","-1,452","0,249"
,,,,,,,,,,,,,,"4,097","1,143","-1,078","0,361",,"4,097","0,441","-0,820","0,435",,"4,097","0,879","-1,518","0,251"
,,,,,,,,,,,,,,"4,114","1,123","-1,178","0,367",,"4,114","0,430","-0,905","0,436",,"4,114","0,851","-1,747","0,253"
,,,,,,,,,,,,,,"4,131","1,104","-1,139","0,372",,"4,131","0,411","-0,935","0,436",,"4,131","0,820","-1,544","0,255"
,,,,,,,,,,,,,,"4,147","1,085","-1,077","0,379",,"4,147","0,399","-0,997","0,434",,"4,147","0,800","-1,430","0,255"
,,,,,,,,,,,,,,"4,164","1,068","-0,886","0,384",,"4,164","0,378","-1,075","0,434",,"4,164","0,773","-1,521","0,258"
,,,,,,,,,,,,,,"4,181","1,055","-0,974","0,389",,"4,181","0,363","-0,814","0,436",,"4,181","0,749","-1,519","0,260"
,,,,,,,,,,,,,,"4,197","1,035","-1,099","0,394",,"4,197","0,351","-0,857","0,436",,"4,197","0,722","-1,611","0,262"
,,,,,,,,,,,,,,"4,214","1,019","-1,064","0,399",,"4,214","0,335","-0,893","0,437",,"4,214","0,696","-1,498","0,264"
,,,,,,,,,,,,,,"4,231","1,000","-1,161","0,405",,"4,231","0,321","-0,809","0,435",,"4,231","0,672","-1,475","0,265"
,,,,,,,,,,,,,,"4,247","0,980","-1,096","0,410",,"4,247","0,308","-0,943","0,434",,"4,247","0,647","-1,566","0,268"
,,,,,,,,,,,,,,"4,264","0,963","-1,037","0,416",,"4,264","0,290","-0,966","0,438",,"4,264","0,620","-1,520","0,270"
,,,,,,,,,,,,,,"4,281","0,946","-1,077","0,421",,"4,281","0,276","-0,710","0,437",,"4,281","0,596","-1,498","0,272"
,,,,,,,,,,,,,,"4,297","0,927","-1,099","0,425",,"4,297","0,266","-0,792","0,436",,"4,297","0,570","-1,453","0,275"
,,,,,,,,,,,,,,"4,314","0,909","-1,278","0,431",,"4,314","0,249","-0,934","0,437",,"4,314","0,548","-1,317","0,277"
,,,,,,,,,,,,,,"4,331","0,885","-1,248","0,436",,"4,331","0,235","-0,792","0,436",,"4,331","0,526","-1,385","0,280"
,,,,,,,,,,,,,,"4,347","0,867","-1,053","0,438",,"4,347","0,223","-0,821","0,436",,"4,347","0,501","-1,566","0,281"
,,,,,,,,,,,,,,"4,364","0,850","-1,053","0,444",,"4,364","0,208","-0,877","0,436",,"4,364","0,474","-1,543","0,285"
,,,,,,,,,,,,,,"4,381","0,832","-1,203","0,449",,"4,381","0,194","-0,878","0,436",,"4,381","0,450","-1,385","0,288"
,,,,,,,,,,,,,,"4,397","0,810","-1,228","0,453",,"4,397","0,178","-0,905","0,434",,"4,397","0,428","-1,385","0,290"
,,,,,,,,,,,,,,"4,414","0,791","-1,171","0,458",,"4,414","0,163","-0,849","0,434",,"4,414","0,404","-1,453","0,294"
,,,,,,,,,,,,,,"4,431","0,771","-1,187","0,464",,"4,431","0,150","-0,792","0,433",,"4,431","0,380","-1,363","0,297"
,,,,,,,,,,,,,,"4,447","0,752","-1,028","0,466",,"4,447","0,137","-1,075","0,432",,"4,447","0,358","-1,272","0,301"
,,,,,,,,,,,,,,"4,464","0,737","-1,099","0,472",,"4,464","0,114","-1,047","0,430",,"4,464","0,337","-1,430","0,303"
,,,,,,,,,,,,,,"4,480","0,715","-1,312","0,474",,"4,480","0,102","-0,990","0,430",,"4,480","0,311","-1,453","0,306"
,,,,,,,,,,,,,,"4,497","0,693","-1,223","0,480",,"4,497","0,081","-1,160","0,430",,"4,497","0,289","-1,227","0,308"
,,,,,,,,,,,,,,"4,514","0,674","-1,201","0,484",,"4,514","0,063","-1,047","0,430",,"4,514","0,270","-1,340","0,310"
,,,,,,,,,,,,,,"4,530","0,653","-1,102","0,487",,"4,530","0,046","-1,075","0,430",,"4,530","0,244","-1,361","0,314"
,,,,,,,,,,,,,,"4,547","0,638","-1,103","0,491",,"4,547","0,028","-1,075","0,430",,"4,547","0,225","-1,271","0,317"
,,,,,,,,,,,,,,"4,564","0,616","-1,326","0,493",,"4,564","0,011","-1,104","0,431",,"4,564","0,202","-1,271","0,319"
,,,,,,,,,,,,,,"4,580","0,594","-1,253","0,499",,"4,580","-0,009","-1,217","0,431",,"4,580","0,182","-1,249","0,322"
,,,,,,,,,,,,,,"4,597","0,574","-1,256","0,502",,"4,597","-0,030","-0,934","0,430",,"4,597","0,160","-1,249","0,324"
,,,,,,,,,,,,,,"4,614","0,552","-1,228","0,505",,"4,614","-0,040",,"0,430",,"4,614","0,141","-1,158","0,327"
,,,,,,,,,,,,,,"4,630","0,533","-1,119","0,509",,,,,,,"4,630","0,122","-1,204","0,330"
,,,,,,,,,,,,,,"4,647","0,514","-1,178","0,512",,,,,,,"4,647","0,101","-1,203","0,332"
,,,,,,,,,,,,,,"4,664","0,494","-1,312","0,513",,,,,,,"4,664","0,082","-1,202","0,333"
,,,,,,,,,,,,,,"4,680","0,471","-1,340","0,518",,,,,,,"4,680","0,060","-1,294","0,335"
,,,,,,,,,,,,,,"4,697","0,450","-1,128","0,520",,,,,,,"4,697","0,039","-1,248","0,337"
,,,,,,,,,,,,,,"4,714","0,433","-1,091","0,522",,,,,,,"4,714","0,019","-1,248","0,338"
,,,,,,,,,,,,,,"4,730","0,413","-1,253","0,525",,,,,,,"4,730","-0,003","-1,157","0,340"
,,,,,,,,,,,,,,"4,747","0,391","-1,178","0,528",,,,,,,"4,747","-0,020","-0,998","0,341"
,,,,,,,,,,,,,,"4,764","0,374","-1,203","0,530",,,,,,,"4,764","-0,036","-1,098","0,341"
,,,,,,,,,,,,,,"4,780","0,351","-1,278","0,534",,,,,,,"4,780","-0,056","-1,145","0,339"
,,,,,,,,,,,,,,"4,797","0,331","-1,128","0,537",,,,,,,"4,797","-0,074","-1,156","0,341"
,,,,,,,,,,,,,,"4,814","0,314","-1,153","0,539",,,,,,,"4,814","-0,095","-1,214","0,343"
,,,,,,,,,,,,,,"4,830","0,293","-1,103","0,541",,,,,,,"4,830","-0,115","-1,216","0,343"
,,,,,,,,,,,,,,"4,847","0,277","-0,977","0,543",,,,,,,"4,847","-0,135","-1,095","0,344"
,,,,,,,,,,,,,,"4,864","0,260","-1,278","0,546",,,,,,,"4,864","-0,151","-1,224","0,343"
,,,,,,,,,,,,,,"4,880","0,234","-1,304","0,550",,,,,,,"4,880","-0,176","-1,331","0,344"
,,,,,,,,,,,,,,"4,897","0,217","-1,153","0,551",,,,,,,"4,897","-0,196",,"0,344"
,,,,,,,,,,,,,,"4,914","0,196","-1,178","0,555",,,,,,,,,,
,,,,,,,,,,,,,,"4,930","0,178","-1,178","0,558",,,,,,,,,,
,,,,,,,,,,,,,,"4,947","0,157","-1,279","0,560",,,,,,,,,,
,,,,,,,,,,,,,,"4,964","0,135","-1,128","0,562",,,,,,,,,,
,,,,,,,,,,,,,,"4,980","0,119","-1,077","0,565",,,,,,,,,,
,,,,,,,,,,,,,,"4,997","0,099","-1,103","0,567",,,,,,,,,,
,,,,,,,,,,,,,,"5,013","0,083","-1,003","0,568",,,,,,,,,,
,,,,,,,,,,,,,,"5,030","0,066","-1,178","0,570",,,,,,,,,,
,,,,,,,,,,,,,,"5,047","0,043","-1,228","0,573",,,,,,,,,,
,,,,,,,,,,,,,,"5,063","0,025","-1,153","0,575",,,,,,,,,,
,,,,,,,,,,,,,,"5,080","0,005","-1,103","0,578",,,,,,,,,,
,,,,,,,,,,,,,,"5,097","-0,012","-0,978","0,579",,,,,,,,,,
,,,,,,,,,,,,,,"5,113","-0,028","-0,877","0,582",,,,,,,,,,
,,,,,,,,,,,,,,"5,130","-0,041","-1,003","0,583",,,,,,,,,,
,,,,,,,,,,,,,,"5,147","-0,061","-1,052","0,584",,,,,,,,,,
,,,,,,,,,,,,,,"5,163","-0,076","-1,077","0,582",,,,,,,,,,
,,,,,,,,,,,,,,"5,180","-0,097","-1,003","0,581",,,,,,,,,,
,,,,,,,,,,,,,,"5,197","-0,110","-0,927","0,582",,,,,,,,,,
,,,,,,,,,,,,,,"5,213","-0,128","-1,052","0,581",,,,,,,,,,
,,,,,,,,,,,,,,"5,230","-0,145","-0,962","0,581",,,,,,,,,,
,,,,,,,,,,,,,,"5,247","-0,160","-0,674","0,581",,,,,,,,,,
,,,,,,,,,,,,,,"5,263","-0,167",,"0,579",,,,,,,,,,