t,y,vy,x,trial
0.0,0.0,0.022,,cola1
-0.006000000000000227,-0.24799999999999994,0.024,,cola1
-0.020000000000000462,-0.49699999999999994,0.027,,cola1
-0.03399999999999981,-0.5940000000000001,0.025,,cola1
-0.051000000000000156,-0.8839999999999999,0.029,,cola1
-0.07500000000000018,-0.9669999999999999,0.029,,cola1
-0.0940000000000003,-1.119,0.029,,cola1
-0.12300000000000022,-1.4509999999999998,0.031,,cola1
-0.15300000000000047,-1.478,0.031,,cola1
-0.18299999999999983,-1.824,0.031,,cola1
-0.22500000000000053,-2.059,0.032,,cola1
-0.2629999999999999,-2.1,0.035,,cola1
-0.30600000000000005,-2.363,0.036,,cola1
-0.35299999999999976,-2.515,0.038,,cola1
-0.4009999999999998,-2.694,0.041,,cola1
-0.45399999999999974,-2.833,0.041,,cola1
-0.5060000000000002,-3.012,0.04,,cola1
-0.5650000000000004,-3.22,0.043,,cola1
-0.625,-3.6620000000000004,0.044,,cola1
-0.6980000000000004,-3.8550000000000004,0.047,,cola1
-0.7640000000000002,-3.6060000000000003,0.048,,cola1
-0.8289999999999997,-3.8689999999999998,0.051,,cola1
-0.9039999999999999,-4.242,0.047,,cola1
-0.9820000000000002,-4.311,0.053,,cola1
-1.0590000000000002,-4.574,0.057,,cola1
-1.1450000000000005,-4.9190000000000005,0.056,,cola1
-1.234,-4.933,0.061,,cola1
-1.3200000000000003,-5.168,0.063,,cola1
-1.4169999999999998,-5.431,0.065,,cola1
-1.5120000000000005,-5.527,0.068,,cola1
-1.612,-5.679,0.069,,cola1
-1.713,-5.859,0.07,,cola1
-1.819,-5.928,0.073,,cola1
-1.9210000000000003,-6.218,0.076,,cola1
-2.0370000000000004,-6.357,0.083,,cola1
-2.144,-6.357,0.083,,cola1
-2.2600000000000002,-6.757000000000001,0.086,,cola1
-2.3800000000000003,-7.144,0.087,,cola1
-2.5090000000000003,-7.13,0.094,,cola1
-2.629,-6.8260000000000005,0.099,,cola1
-2.7470000000000003,-7.117,0.097,,cola1
-2.8770000000000002,-7.586,0.105,,cola1
-3.011,-7.710999999999999,0.105,,cola1
-3.145,-7.669,0.11,,cola1
-3.278,-7.877,0.116,,cola1
-3.419,-8.014999999999999,0.116,,cola1
-3.556,-8.152999999999999,0.122,,cola1
-3.701,-8.511999999999999,0.126,,cola1
-3.85,-8.568,0.134,,cola1
-3.998,-8.83,0.135,,cola1
-4.156000000000001,-8.995999999999999,0.141,,cola1
-4.308,-9.036999999999999,0.148,,cola1
-4.468,-9.369,0.155,,cola1
-4.632,-9.271999999999998,0.157,,cola1
-4.788,-9.741999999999999,0.163,,cola1
-4.9670000000000005,-10.046,0.165,,cola1
-5.134,-9.976999999999999,0.178,,cola1
-5.311,-10.378,0.177,,cola1
-5.49,-10.488999999999999,0.183,,cola1
-5.671,-10.225999999999999,0.192,,cola1
-5.8420000000000005,-10.779,0.2,,cola1
0.0,0.0,0.028,,cola2
-0.010999999999999233,-0.10300000000000009,0.026,,cola2
-0.022999999999999687,-0.21900000000000008,0.027,,cola2
-0.03699999999999992,-0.44900000000000007,0.027,,cola2
-0.056999999999999496,-0.6680000000000001,0.028,,cola2
-0.07899999999999974,-0.655,0.026,,cola2
-0.09899999999999931,-0.976,0.028,,cola2
-0.13099999999999934,-1.194,0.027,,cola2
-0.15799999999999947,-1.348,0.026,,cola2
-0.1949999999999994,-1.54,0.027,,cola2
-0.22799999999999976,-1.6680000000000001,0.029,,cola2
-0.2699999999999996,-1.9249999999999998,0.032,,cola2
-0.3119999999999994,-2.092,0.031,,cola2
-0.359,-2.297,0.031,,cola2
-0.4079999999999995,-2.156,0.033,,cola2
-0.4509999999999996,-2.4130000000000003,0.033,,cola2
-0.508,-2.939,0.036,,cola2
-0.5679999999999996,-3.029,0.036,,cola2
-0.6289999999999996,-3.221,0.039,,cola2
-0.6949999999999994,-3.2720000000000002,0.042,,cola2
-0.7569999999999997,-3.606,0.043,,cola2
-0.835,-3.901,0.046,,cola2
-0.907,-3.657,0.045,,cola2
-0.976,-3.965,0.048,,cola2
-1.0589999999999993,-4.337,0.049,,cola2
-1.141,-4.273,0.051,,cola2
-1.2209999999999992,-4.517,0.051,,cola2
-1.311,-4.94,0.055,,cola2
-1.4049999999999994,-4.851,0.057,,cola2
-1.4919999999999995,-4.902,0.06,,cola2
-1.5879999999999996,-5.21,0.06,,cola2
-1.6859999999999995,-5.261,0.063,,cola2
-1.7829999999999995,-5.428,0.063,,cola2
-1.8859999999999997,-5.505,0.065,,cola2
-1.9869999999999997,-5.685,0.067,,cola2
-2.0959999999999996,-5.992,0.07,,cola2
-2.2059999999999995,-6.0440000000000005,0.07,,cola2
-2.3169999999999997,-6.365,0.072,,cola2
-2.4379999999999997,-6.724,0.076,,cola2
-2.5609999999999995,-6.4030000000000005,0.078,,cola2
-2.671,-6.454,0.078,,cola2
-2.796,-6.852,0.079,,cola2
-2.9199999999999995,-6.839,0.082,,cola2
-3.0439999999999996,-6.826,0.085,,cola2
-3.167,-7.276,0.089,,cola2
-3.3059999999999996,-7.391,0.091,,cola2
-3.433,-7.378,0.093,,cola2
-3.5719999999999996,-7.879,0.097,,cola2
-3.7159999999999993,-7.917,0.101,,cola2
-3.856,-7.93,0.107,,cola2
-3.9999999999999996,-8.341,0.109,,cola2
-4.154,-8.507,0.11,,cola2
-4.303999999999999,-8.507,0.118,,cola2
-4.457,-8.725,0.121,,cola2
-4.614999999999999,-8.879,0.125,,cola2
-4.773,-9.059,0.131,,cola2
-4.936999999999999,-9.290000000000001,0.136,,cola2
-5.103,-9.585,0.146,,cola2
-5.276,-9.495,0.141,,cola2
-5.4399999999999995,-9.367,0.148,,cola2
0.0,0.0,-0.05,,cola3
-0.01499999999999968,0.06899999999999995,-0.053,,cola3
-0.030999999999999694,-0.22099999999999997,-0.056,,cola3
-0.054999999999999716,-0.4840000000000001,-0.056,,cola3
-0.07999999999999918,-0.5670000000000001,-0.059,,cola3
-0.10699999999999932,-0.733,-0.061,,cola3
-0.13699999999999957,-0.981,-0.06,,cola3
-0.1719999999999997,-1.1750000000000003,-0.065,,cola3
-0.20899999999999963,-1.3820000000000001,-0.064,,cola3
-0.25099999999999945,-1.576,-0.066,,cola3
-0.2939999999999996,-1.673,-0.065,,cola3
-0.3389999999999995,-1.907,-0.064,,cola3
-0.3899999999999997,-2.3080000000000003,-0.066,,cola3
-0.44899999999999984,-2.4330000000000003,-0.066,,cola3
-0.5039999999999996,-2.419,-0.066,,cola3
-0.5619999999999994,-2.861,-0.067,,cola3
-0.6319999999999997,-3.027,-0.065,,cola3
-0.6959999999999997,-3.207,-0.063,,cola3
-0.7709999999999999,-3.482,-0.062,,cola3
-0.8439999999999994,-3.635,-0.061,,cola3
-0.9249999999999998,-3.8440000000000003,-0.062,,cola3
-1.005,-4.078,-0.059,,cola3
-1.093,-4.3260000000000005,-0.06,,cola3
-1.1819999999999995,-4.313,-0.058,,cola3
-1.2699999999999996,-4.437,-0.056,,cola3
-1.3619999999999992,-4.9350000000000005,-0.056,,cola3
-1.4669999999999996,-5.1000000000000005,-0.055,,cola3
-1.5649999999999995,-5.073,-0.055,,cola3
-1.6689999999999996,-5.308,-0.056,,cola3
-1.774,-5.612,-0.053,,cola3
-1.888,-5.833,-0.054,,cola3
-2.0009999999999994,-5.667,-0.054,,cola3
-2.1099999999999994,-5.9990000000000006,-0.052,,cola3
-2.2339999999999995,-6.176,-0.052,,cola3
-2.3479999999999994,-6.37,-0.051,,cola3
-2.4789999999999996,-6.593,-0.051,,cola3
-2.5999999999999996,-6.648,-0.05,,cola3
-2.7329999999999997,-6.883,-0.051,,cola3
-2.8619999999999997,-6.8,-0.049,,cola3
-2.9919999999999995,-7.063000000000001,-0.046,,cola3
-3.1299999999999994,-7.491,-0.048,,cola3
-3.2739999999999996,-7.5329999999999995,-0.046,,cola3
-3.4139999999999997,-7.616,-0.042,,cola3
-3.5609999999999995,-7.670999999999999,-0.041,,cola3
-3.7019999999999995,-8.058,-0.041,,cola3
-3.8619999999999997,-8.224,-0.036,,cola3
-4.0089999999999995,-8.293,-0.035,,cola3
-4.170999999999999,-8.805,-0.033,,cola3
-4.334999999999999,-8.815,-0.03,,cola3
-4.497,-8.705,-0.028,,cola3
-4.657,-9.333,-0.027,,cola3
-4.840999999999999,-9.803,-0.026,,cola3
-5.0169999999999995,-9.672,-0.021,,cola3
-5.196,-9.838000000000001,-0.018,,cola3
-5.377,-10.370000000000001,-0.016,,cola3
-5.574,-10.591,-0.014,,cola3
-5.762,-9.883000000000001,-0.013,,cola3
0.0,0.0,0.048,,cola_paraquedas1
-0.014000000000000234,-0.05599999999999994,0.051,,cola_paraquedas1
-0.025000000000000355,-0.041999999999999926,0.05,,cola_paraquedas1
-0.038000000000000256,-0.19499999999999995,0.051,,cola_paraquedas1
-0.05400000000000027,-0.22299999999999998,0.056,,cola_paraquedas1
-0.0680000000000005,-0.31999999999999984,0.056,,cola_paraquedas1
-0.08800000000000008,-0.45999999999999996,0.058,,cola_paraquedas1
-0.10599999999999987,-0.585,0.058,,cola_paraquedas1
-0.1299999999999999,-0.794,0.061,,cola_paraquedas1
-0.15500000000000025,-0.808,0.064,,cola_paraquedas1
-0.17999999999999972,-0.9339999999999999,0.065,,cola_paraquedas1
-0.20900000000000052,-1.101,0.071,,cola_paraquedas1
-0.23899999999999988,-1.087,0.071,,cola_paraquedas1
-0.2679999999999998,-1.156,0.072,,cola_paraquedas1
-0.2999999999999998,-1.254,0.075,,cola_paraquedas1
-0.3330000000000002,-1.519,0.076,,cola_paraquedas1
-0.37399999999999967,-1.519,0.078,,cola_paraquedas1
-0.4059999999999997,-1.352,0.08,,cola_paraquedas1
-0.44099999999999984,-1.6169999999999998,0.083,,cola_paraquedas1
-0.48299999999999965,-1.7419999999999998,0.083,,cola_paraquedas1
-0.5220000000000002,-1.797,0.085,,cola_paraquedas1
-0.5650000000000004,-1.894,0.087,,cola_paraquedas1
-0.6079999999999997,-1.8259999999999998,0.088,,cola_paraquedas1
-0.649,-1.9509999999999998,0.088,,cola_paraquedas1
-0.6959999999999997,-1.909,0.09,,cola_paraquedas1
-0.7350000000000003,-1.9509999999999998,0.092,,cola_paraquedas1
-0.7839999999999998,-1.965,0.091,,cola_paraquedas1
-0.8230000000000004,-1.965,0.093,,cola_paraquedas1
-0.8719999999999999,-2.3129999999999997,0.095,,cola_paraquedas1
-0.923,-2.202,0.097,,cola_paraquedas1
-0.968,-2.341,0.098,,cola_paraquedas1
-1.024,-2.341,0.099,,cola_paraquedas1
-1.069,-2.0629999999999997,0.104,,cola_paraquedas1
-1.1150000000000002,-2.2859999999999996,0.106,,cola_paraquedas1
-1.1669999999999998,-2.396,0.111,,cola_paraquedas1
-1.218,-2.481,0.115,,cola_paraquedas1
-1.2729999999999997,-2.482,0.118,,cola_paraquedas1
-1.3230000000000004,-2.521,0.123,,cola_paraquedas1
-1.38,-2.425,0.126,,cola_paraquedas1
-1.4270000000000005,-2.55,0.141,,cola_paraquedas1
-1.487,-2.6609999999999996,0.152,,cola_paraquedas1
-1.5380000000000003,-2.537,0.138,,cola_paraquedas1
-1.5949999999999998,-2.761,0.146,,cola_paraquedas1
-1.6530000000000005,-2.758,0.164,,cola_paraquedas1
-1.7090000000000005,-2.8280000000000003,0.173,,cola_paraquedas1
-1.7700000000000005,-2.7729999999999997,0.19,,cola_paraquedas1
-1.8239999999999998,-2.6479999999999997,0.204,,cola_paraquedas1
-1.8810000000000002,-2.718,0.216,,cola_paraquedas1
-1.9379999999999997,-2.662,0.227,,cola_paraquedas1
-1.992,-2.745,0.237,,cola_paraquedas1
-2.052,-2.857,0.255,,cola_paraquedas1
-2.11,-2.843,0.267,,cola_paraquedas1
-2.169,-2.912,0.28,,cola_paraquedas1
-2.23,-2.9130000000000003,0.295,,cola_paraquedas1
-2.289,-2.816,0.309,,cola_paraquedas1
-2.347,-2.801,0.322,,cola_paraquedas1
-2.4050000000000002,-2.939,0.338,,cola_paraquedas1
-2.467,-2.955,0.351,,cola_paraquedas1
-2.5260000000000002,-2.9559999999999995,0.361,,cola_paraquedas1
-2.589,-2.8840000000000003,0.378,,cola_paraquedas1
-2.645,-3.0090000000000003,0.383,,cola_paraquedas1
-2.712,-3.08,0.396,,cola_paraquedas1
-2.771,-2.8150000000000004,0.41,,cola_paraquedas1
-2.8280000000000003,-3.024,0.421,,cola_paraquedas1
-2.894,-3.178,0.424,,cola_paraquedas1
-2.9570000000000003,-3.0250000000000004,0.435,,cola_paraquedas1
-3.0180000000000002,-2.984,0.442,,cola_paraquedas1
-3.079,-3.1900000000000004,0.456,,cola_paraquedas1
-3.1470000000000002,-3.343,0.454,,cola_paraquedas1
-3.213,-3.303,0.463,,cola_paraquedas1
-3.279,-3.359,0.47,,cola_paraquedas1
-3.3480000000000003,-3.5120000000000005,0.469,,cola_paraquedas1
-3.419,-3.3870000000000005,0.472,,cola_paraquedas1
-3.483,-3.3449999999999998,0.474,,cola_paraquedas1
-3.553,-3.428,0.477,,cola_paraquedas1
-3.62,-3.5540000000000003,0.473,,cola_paraquedas1
-3.694,-3.582,0.472,,cola_paraquedas1
-3.762,-3.6790000000000003,0.469,,cola_paraquedas1
-3.8400000000000003,-3.9720000000000004,0.467,,cola_paraquedas1
-3.9170000000000003,-3.859,0.46,,cola_paraquedas1
-3.991,-3.7890000000000006,0.453,,cola_paraquedas1
-4.066,-4.0280000000000005,0.446,,cola_paraquedas1
-4.148,-4.0280000000000005,0.429,,cola_paraquedas1
-4.223,-3.902,0.42,,cola_paraquedas1
-4.301,-4.069,0.405,,cola_paraquedas1
-4.382,-4.292,0.391,,cola_paraquedas1
-4.466,-4.237,0.37,,cola_paraquedas1
-4.545,-4.3340000000000005,0.351,,cola_paraquedas1
-4.634,-4.418,0.325,,cola_paraquedas1
-4.715,-4.362,0.301,,cola_paraquedas1
-4.802,-4.378,0.277,,cola_paraquedas1
-4.884,-4.404,0.256,,cola_paraquedas1
-4.971,-4.556,0.232,,cola_paraquedas1
-5.058,-4.32,0.199,,cola_paraquedas1
-5.138,-4.46,0.174,,cola_paraquedas1
-5.23,-4.486,0.142,,cola_paraquedas1
-5.3100000000000005,-4.292,0.113,,cola_paraquedas1
-5.3950000000000005,-4.545,0.079,,cola_paraquedas1
-5.484,-4.390000000000001,0.049,,cola_paraquedas1
-5.564,-4.179,0.017,,cola_paraquedas1
-5.646,-4.04,-0.013,,cola_paraquedas1
-5.722,-4.015000000000001,-0.045,,cola_paraquedas1
-5.803,-4.125,-0.078,,cola_paraquedas1
-5.882,-3.3710000000000004,-0.104,,cola_paraquedas1
-5.938,-3.526,-0.135,,cola_paraquedas1
-6.022,-3.833,-0.175,,cola_paraquedas1
-6.088,-3.596,-0.195,,cola_paraquedas1
-6.165,-3.8600000000000003,-0.23,,cola_paraquedas1
-6.239,-3.833,-0.264,,cola_paraquedas1
-6.315,-3.5120000000000005,-0.303,,cola_paraquedas1
-6.3790000000000004,-3.0519999999999996,-0.328,,cola_paraquedas1
-6.44,-3.08,-0.348,,cola_paraquedas1
-6.505,-2.899,-0.373,,cola_paraquedas1
-6.559,-2.856,-0.402,,cola_paraquedas1
-6.622,-3.191,-0.428,,cola_paraquedas1
0.0,0.0,0.041,,cola_paraquedas2
-0.009999999999999787,-0.06499999999999995,0.041,,cola_paraquedas2
-0.02400000000000002,-0.15499999999999992,0.043,,cola_paraquedas2
-0.03699999999999992,-0.18099999999999994,0.044,,cola_paraquedas2
-0.0519999999999996,-0.32299999999999995,0.044,,cola_paraquedas2
-0.07000000000000028,-0.5680000000000001,0.045,,cola_paraquedas2
-0.09299999999999997,-0.8140000000000001,0.046,,cola_paraquedas2
-0.11899999999999977,-0.8280000000000001,0.047,,cola_paraquedas2
-0.14199999999999946,-0.8659999999999999,0.047,,cola_paraquedas2
-0.16999999999999993,-0.8140000000000001,0.05,,cola_paraquedas2
-0.19099999999999984,-1.047,0.049,,cola_paraquedas2
-0.22599999999999998,-1.2409999999999999,0.051,,cola_paraquedas2
-0.25399999999999956,-1.163,0.052,,cola_paraquedas2
-0.2869999999999999,-1.3949999999999998,0.053,,cola_paraquedas2
-0.3229999999999995,-1.5119999999999998,0.056,,cola_paraquedas2
-0.35999999999999943,-1.59,0.061,,cola_paraquedas2
-0.3979999999999997,-1.4989999999999999,0.063,,cola_paraquedas2
-0.43100000000000005,-1.5759999999999998,0.064,,cola_paraquedas2
-0.47199999999999953,-1.8350000000000002,0.065,,cola_paraquedas2
-0.5140000000000002,-1.7449999999999999,0.074,,cola_paraquedas2
-0.5519999999999996,-1.821,0.076,,cola_paraquedas2
-0.5969999999999995,-1.914,0.08,,cola_paraquedas2
-0.6379999999999999,-1.913,0.084,,cola_paraquedas2
-0.6829999999999998,-2.002,0.09,,cola_paraquedas2
-0.7269999999999994,-1.913,0.092,,cola_paraquedas2
-0.7679999999999998,-1.861,0.1,,cola_paraquedas2
-0.8109999999999999,-2.0549999999999997,0.106,,cola_paraquedas2
-0.859,-2.17,0.109,,cola_paraquedas2
-0.9050000000000002,-1.9509999999999998,0.113,,cola_paraquedas2
-0.9459999999999997,-1.977,0.123,,cola_paraquedas2
-0.9929999999999994,-2.287,0.126,,cola_paraquedas2
-1.0439999999999996,-2.159,0.128,,cola_paraquedas2
-1.0869999999999997,-2.1189999999999998,0.134,,cola_paraquedas2
-1.1369999999999996,-2.21,0.139,,cola_paraquedas2
-1.1819999999999995,-2.107,0.137,,cola_paraquedas2
-1.229,-2.2089999999999996,0.145,,cola_paraquedas2
-1.2779999999999996,-2.3390000000000004,0.149,,cola_paraquedas2
-1.3289999999999997,-2.3,0.153,,cola_paraquedas2
-1.3759999999999994,-2.0149999999999997,0.162,,cola_paraquedas2
-1.4180000000000001,-2.21,0.169,,cola_paraquedas2
-1.4719999999999995,-2.4939999999999998,0.178,,cola_paraquedas2
-1.5229999999999997,-2.2359999999999998,0.186,,cola_paraquedas2
-1.5679999999999996,-2.042,0.195,,cola_paraquedas2
-1.613,-2.3259999999999996,0.198,,cola_paraquedas2
-1.6679999999999997,-2.3520000000000003,0.2,,cola_paraquedas2
-1.713,-2.3129999999999997,0.21,,cola_paraquedas2
-1.767,-2.2750000000000004,0.221,,cola_paraquedas2
-1.811,-2.107,0.226,,cola_paraquedas2
-1.859,-2.2489999999999997,0.232,,cola_paraquedas2
-1.908,-2.2990000000000004,0.235,,cola_paraquedas2
-1.9569999999999999,-2.287,0.241,,cola_paraquedas2
-2.006,-2.2359999999999998,0.244,,cola_paraquedas2
-2.054,-2.391,0.251,,cola_paraquedas2
-2.1069999999999998,-2.404,0.257,,cola_paraquedas2
-2.1559999999999997,-2.3259999999999996,0.26,,cola_paraquedas2
-2.207,-2.3520000000000003,0.262,,cola_paraquedas2
-2.256,-2.4160000000000004,0.261,,cola_paraquedas2
-2.3089999999999997,-2.4539999999999997,0.26,,cola_paraquedas2
-2.36,-2.365,0.26,,cola_paraquedas2
-2.4099999999999997,-2.4299999999999997,0.256,,cola_paraquedas2
-2.463,-2.5599999999999996,0.252,,cola_paraquedas2
-2.517,-2.623,0.246,,cola_paraquedas2
-2.572,-2.598,0.239,,cola_paraquedas2
-2.626,-2.6369999999999996,0.233,,cola_paraquedas2
-2.682,-2.596,0.223,,cola_paraquedas2
-2.734,-2.5060000000000002,0.211,,cola_paraquedas2
-2.787,-2.559,0.211,,cola_paraquedas2
-2.8409999999999997,-2.585,0.203,,cola_paraquedas2
-2.895,-2.585,0.19,,cola_paraquedas2
-2.949,-2.662,0.184,,cola_paraquedas2
-3.006,-2.726,0.171,,cola_paraquedas2
-3.062,-2.6879999999999997,0.164,,cola_paraquedas2
-3.118,-2.521,0.16,,cola_paraquedas2
-3.1679999999999997,-2.5460000000000003,0.155,,cola_paraquedas2
-3.2239999999999998,-2.649,0.149,,cola_paraquedas2
-3.278,-2.558,0.141,,cola_paraquedas2
-3.332,-2.5709999999999997,0.136,,cola_paraquedas2
-3.3859999999999997,-2.612,0.138,,cola_paraquedas2
-3.44,-2.444,0.133,,cola_paraquedas2
-3.489,-2.404,0.136,,cola_paraquedas2
-3.542,-2.675,0.142,,cola_paraquedas2
-3.5999999999999996,-2.5709999999999997,0.145,,cola_paraquedas2
-3.65,-2.4939999999999998,0.151,,cola_paraquedas2
-3.705,-2.599,0.158,,cola_paraquedas2
-3.759,-2.5330000000000004,0.167,,cola_paraquedas2
-3.812,-2.6879999999999997,0.176,,cola_paraquedas2
-3.87,-2.739,0.186,,cola_paraquedas2
-3.925,-2.609,0.196,,cola_paraquedas2
-3.979,-2.6369999999999996,0.205,,cola_paraquedas2
-4.035,-2.572,0.219,,cola_paraquedas2
-4.087,-2.5060000000000002,0.233,,cola_paraquedas2
-4.14,-2.481,0.245,,cola_paraquedas2
-4.191,-2.468,0.259,,cola_paraquedas2
-4.244,-2.3520000000000003,0.271,,cola_paraquedas2
-4.291,-2.2619999999999996,0.279,,cola_paraquedas2
-4.341,-2.365,0.292,,cola_paraquedas2
-4.3919999999999995,-2.391,0.304,,cola_paraquedas2
-4.443,-2.2619999999999996,0.318,,cola_paraquedas2
-4.49,-2.378,0.325,,cola_paraquedas2
-4.544,-2.468,0.33,,cola_paraquedas2
-4.593999999999999,-2.2750000000000004,0.337,,cola_paraquedas2
-4.6419999999999995,-2.481,0.344,,cola_paraquedas2
-4.6979999999999995,-2.6870000000000003,0.347,,cola_paraquedas2
-4.753,-2.598,0.351,,cola_paraquedas2
-4.8069999999999995,-2.599,0.348,,cola_paraquedas2
-4.862,-2.6609999999999996,0.352,,cola_paraquedas2
-4.917,-2.8920000000000003,0.344,,cola_paraquedas2
-4.9799999999999995,-2.998,0.347,,cola_paraquedas2
-5.039,-3.0010000000000003,0.345,,cola_paraquedas2
-5.102,-3.09,0.335,,cola_paraquedas2
-5.164,-3.0620000000000003,0.328,,cola_paraquedas2
-5.226,-2.997,0.325,,cola_paraquedas2
-5.286,-3.011,0.325,,cola_paraquedas2
-5.348,-3.1020000000000003,0.318,,cola_paraquedas2
-5.411,-2.9210000000000003,0.318,,cola_paraquedas2
-5.468,-2.7140000000000004,0.314,,cola_paraquedas2
-5.524,-2.817,0.313,,cola_paraquedas2
-5.583,-3.231,0.309,,cola_paraquedas2
-5.653,-2.894,0.307,,cola_paraquedas2
-5.702,-2.649,0.309,,cola_paraquedas2
